run_id,timestamp,environment_version,candidate_name,candidate_sha,opponent_name,opponent_sha,seed,seat,candidate_cash,opponent_cash,win,loss,tie,candidate_status,opponent_status,candidate_calls,opponent_calls,candidate_runtime_max,opponent_runtime_max,valid,invalid_reason,candidate_actions,opponent_actions,tie_reclassified_utc
1485efee5ec12049,2026-10-02T09:14:28Z,kaggle-environments 1.32.7,challenger,a52ba1bfe9df9dc1d504550af46744ef8d474797cdba7af2412dc40a3ebdf3b8,ahmedberatozer-v51-lean-flock,c1e3590d02e42d16091c5377e87a3db16496e5a462d558dc2925887f835f9891,1451669670,0,104789,104786,1,0,0,DONE,DONE,719,719,112.029,148.131,1,,646,646,
1485efee5ec12049,2026-10-02T09:14:28Z,kaggle-environments 1.32.7,challenger,a52ba1bfe9df9dc1d504550af46744ef8d474797cdba7af2412dc40a3ebdf3b8,ahmedberatozer-v51-lean-flock,c1e3590d02e42d16091c5377e87a3db16496e5a462d558dc2925887f835f9891,1451669670,1,104789,104786,1,0,0,DONE,DONE,719,719,15.91,14.447,1,,646,646,
1485efee5ec12049,2026-10-02T09:14:28Z,kaggle-environments 1.32.7,challenger,a52ba1bfe9df9dc1d504550af46744ef8d474797cdba7af2412dc40a3ebdf3b8,ahmedberatozer-v51-lean-flock,c1e3590d02e42d16091c5377e87a3db16496e5a462d558dc2925887f835f9891,1452820545,0,67864,67885,0,1,0,DONE,DONE,719,719,110.16,14.035,1,,646,646,
1485efee5ec12049,2026-10-02T09:14:28Z,kaggle-environments 1.32.7,challenger,a52ba1bfe9df9dc1d504550af46744ef8d474797cdba7af2412dc40a3ebdf3b8,ahmedberatozer-v51-lean-flock,c1e3590d02e42d16091c5377e87a3db16496e5a462d558dc2925887f835f9891,1452820545,1,67864,67885,0,1,0,DONE,DONE,719,719,72.937,59.274,1,,646,646,
1485efee5ec12049,2026-10-02T09:14:28Z,kaggle-environments 1.32.7,challenger,a52ba1bfe9df9dc1d504550af46744ef8d474797cdba7af2412dc40a3ebdf3b8,ahmedberatozer-v51-lean-flock,c1e3590d02e42d16091c5377e87a3db16496e5a462d558dc2925887f835f9891,1458935426,0,88802,88727,1,0,0,DONE,DONE,719,719,71.897,16.059,1,,656,656,
1485efee5ec12049,2026-10-02T09:14:28Z,kaggle-environments 1.32.7,challenger,a52ba1bfe9df9dc1d504550af46744ef8d474797cdba7af2412dc40a3ebdf3b8,ahmedberatozer-v51-lean-flock,c1e3590d02e42d16091c5377e87a3db16496e5a462d558dc2925887f835f9891,1458935426,1,88802,88727,1,0,0,DONE,DONE,719,719,10.908,67.848,1,,656,656,
1485efee5ec12049,2026-10-02T09:14:28Z,kaggle-environments 1.32.7,challenger,a52ba1bfe9df9dc1d504550af46744ef8d474797cdba7af2412dc40a3ebdf3b8,ahmedberatozer-v51-lean-flock,c1e3590d02e42d16091c5377e87a3db16496e5a462d558dc2925887f835f9891,1460655205,0,96581,96529,1,0,0,DONE,DONE,719,719,71.056,115.959,1,,639,639,
1485efee5ec12049,2026-10-02T09:14:28Z,kaggle-environments 1.32.7,challenger,a52ba1bfe9df9dc1d504550af46744ef8d474797cdba7af2412dc40a3ebdf3b8,ahmedberatozer-v51-lean-flock,c1e3590d02e42d16091c5377e87a3db16496e5a462d558dc2925887f835f9891,1460655205,1,96581,96529,1,0,0,DONE,DONE,719,719,14.537,43.51,1,,639,639,
1485efee5ec12049,2026-10-02T09:14:28Z,kaggle-environments 1.32.7,challenger,a52ba1bfe9df9dc1d504550af46744ef8d474797cdba7af2412dc40a3ebdf3b8,ahmedberatozer-v51-lean-flock,c1e3590d02e42d16091c5377e87a3db16496e5a462d558dc2925887f835f9891,1461260178,0,72212,72220,0,1,0,DONE,DONE,719,719,88.391,5.315,1,,648,648,
1485efee5ec12049,2026-10-02T09:14:28Z,kaggle-environments 1.32.7,challenger,a52ba1bfe9df9dc1d504550af46744ef8d474797cdba7af2412dc40a3ebdf3b8,ahmedberatozer-v51-lean-flock,c1e3590d02e42d16091c5377e87a3db16496e5a462d558dc2925887f835f9891,1461260178,1,72212,72220,0,1,0,DONE,DONE,719,719,5.507,5.078,1,,648,648,
1485efee5ec12049,2026-10-02T09:14:28Z,kaggle-environments 1.32.7,challenger,a52ba1bfe9df9dc1d504550af46744ef8d474797cdba7af2412dc40a3ebdf3b8,ahmedberatozer-v51-lean-flock,c1e3590d02e42d16091c5377e87a3db16496e5a462d558dc2925887f835f9891,1464192060,0,101193,101193,0,0,1,DONE,DONE,719,719,143.919,15.241,1,,657,657,2026-10-02T12:45:55Z
1485efee5ec12049,2026-10-02T09:14:28Z,kaggle-environments 1.32.7,challenger,a52ba1bfe9df9dc1d504550af46744ef8d474797cdba7af2412dc40a3ebdf3b8,ahmedberatozer-v51-lean-flock,c1e3590d02e42d16091c5377e87a3db16496e5a462d558dc2925887f835f9891,1464192060,1,101193,101193,0,0,1,DONE,DONE,719,719,115.701,91.807,1,,657,657,2026-10-02T12:45:55Z
1485efee5ec12049,2026-10-02T09:14:28Z,kaggle-environments 1.32.7,challenger,a52ba1bfe9df9dc1d504550af46744ef8d474797cdba7af2412dc40a3ebdf3b8,ahmedberatozer-v51-lean-flock,c1e3590d02e42d16091c5377e87a3db16496e5a462d558dc2925887f835f9891,1472659776,0,100960,100960,0,0,1,DONE,DONE,719,719,13.611,13.815,1,,656,656,2026-10-02T12:45:55Z
1485efee5ec12049,2026-10-02T09:14:28Z,kaggle-environments 1.32.7,challenger,a52ba1bfe9df9dc1d504550af46744ef8d474797cdba7af2412dc40a3ebdf3b8,ahmedberatozer-v51-lean-flock,c1e3590d02e42d16091c5377e87a3db16496e5a462d558dc2925887f835f9891,1472659776,1,100960,100960,0,0,1,DONE,DONE,719,719,17.299,72.488,1,,656,656,2026-10-02T12:45:55Z
1485efee5ec12049,2026-10-02T09:14:28Z,kaggle-environments 1.32.7,challenger,a52ba1bfe9df9dc1d504550af46744ef8d474797cdba7af2412dc40a3ebdf3b8,ahmedberatozer-v51-lean-flock,c1e3590d02e42d16091c5377e87a3db16496e5a462d558dc2925887f835f9891,1472840234,0,66708,66708,0,0,1,DONE,DONE,719,719,27.805,14.324,1,,653,653,2026-10-02T12:45:55Z
1485efee5ec12049,2026-10-02T09:14:28Z,kaggle-environments 1.32.7,challenger,a52ba1bfe9df9dc1d504550af46744ef8d474797cdba7af2412dc40a3ebdf3b8,ahmedberatozer-v51-lean-flock,c1e3590d02e42d16091c5377e87a3db16496e5a462d558dc2925887f835f9891,1472840234,1,66708,66708,0,0,1,DONE,DONE,719,719,14.847,64.483,1,,653,653,2026-10-02T12:45:55Z
1485efee5ec12049,2026-10-02T09:14:28Z,kaggle-environments 1.32.7,challenger,a52ba1bfe9df9dc1d504550af46744ef8d474797cdba7af2412dc40a3ebdf3b8,ahmedberatozer-v51-lean-flock,c1e3590d02e42d16091c5377e87a3db16496e5a462d558dc2925887f835f9891,1474438632,0,124118,123967,1,0,0,DONE,DONE,719,719,84.052,14.472,1,,654,654,
1485efee5ec12049,2026-10-02T09:14:28Z,kaggle-environments 1.32.7,challenger,a52ba1bfe9df9dc1d504550af46744ef8d474797cdba7af2412dc40a3ebdf3b8,ahmedberatozer-v51-lean-flock,c1e3590d02e42d16091c5377e87a3db16496e5a462d558dc2925887f835f9891,1474438632,1,124118,123967,1,0,0,DONE,DONE,719,719,14.346,13.943,1,,654,654,
1485efee5ec12049,2026-10-02T09:14:28Z,kaggle-environments 1.32.7,challenger,a52ba1bfe9df9dc1d504550af46744ef8d474797cdba7af2412dc40a3ebdf3b8,ahmedberatozer-v51-lean-flock,c1e3590d02e42d16091c5377e87a3db16496e5a462d558dc2925887f835f9891,1475372659,0,65848,65848,0,0,1,DONE,DONE,719,719,105.175,14.03,1,,651,651,2026-10-02T12:45:55Z
1485efee5ec12049,2026-10-02T09:14:28Z,kaggle-environments 1.32.7,challenger,a52ba1bfe9df9dc1d504550af46744ef8d474797cdba7af2412dc40a3ebdf3b8,ahmedberatozer-v51-lean-flock,c1e3590d02e42d16091c5377e87a3db16496e5a462d558dc2925887f835f9891,1475372659,1,65848,65848,0,0,1,DONE,DONE,719,719,14.251,69.534,1,,651,651,2026-10-02T12:45:55Z
1485efee5ec12049,2026-10-02T09:14:28Z,kaggle-environments 1.32.7,challenger,a52ba1bfe9df9dc1d504550af46744ef8d474797cdba7af2412dc40a3ebdf3b8,ahmedberatozer-v51-lean-flock,c1e3590d02e42d16091c5377e87a3db16496e5a462d558dc2925887f835f9891,1485541304,0,102895,102895,0,0,1,DONE,DONE,719,719,74.924,13.706,1,,653,653,2026-10-02T12:45:55Z
1485efee5ec12049,2026-10-02T09:14:28Z,kaggle-environments 1.32.7,challenger,a52ba1bfe9df9dc1d504550af46744ef8d474797cdba7af2412dc40a3ebdf3b8,ahmedberatozer-v51-lean-flock,c1e3590d02e42d16091c5377e87a3db16496e5a462d558dc2925887f835f9891,1485541304,1,102895,102895,0,0,1,DONE,DONE,719,719,13.872,98.267,1,,653,653,2026-10-02T12:45:55Z
1485efee5ec12049,2026-10-02T09:14:28Z,kaggle-environments 1.32.7,challenger,a52ba1bfe9df9dc1d504550af46744ef8d474797cdba7af2412dc40a3ebdf3b8,ahmedberatozer-v51-lean-flock,c1e3590d02e42d16091c5377e87a3db16496e5a462d558dc2925887f835f9891,1485774974,0,84931,84935,0,1,0,DONE,DONE,719,719,77.53,14.113,1,,650,650,
1485efee5ec12049,2026-10-02T09:14:28Z,kaggle-environments 1.32.7,challenger,a52ba1bfe9df9dc1d504550af46744ef8d474797cdba7af2412dc40a3ebdf3b8,ahmedberatozer-v51-lean-flock,c1e3590d02e42d16091c5377e87a3db16496e5a462d558dc2925887f835f9891,1485774974,1,84931,84935,0,1,0,DONE,DONE,719,719,13.544,72.352,1,,650,650,
1485efee5ec12049,2026-10-02T09:14:28Z,kaggle-environments 1.32.7,challenger,a52ba1bfe9df9dc1d504550af46744ef8d474797cdba7af2412dc40a3ebdf3b8,ahmedberatozer-v51-lean-flock,c1e3590d02e42d16091c5377e87a3db16496e5a462d558dc2925887f835f9891,1486235059,0,125790,125788,1,0,0,DONE,DONE,719,719,93.703,5.275,1,,651,651,
1485efee5ec12049,2026-10-02T09:14:28Z,kaggle-environments 1.32.7,challenger,a52ba1bfe9df9dc1d504550af46744ef8d474797cdba7af2412dc40a3ebdf3b8,ahmedberatozer-v51-lean-flock,c1e3590d02e42d16091c5377e87a3db16496e5a462d558dc2925887f835f9891,1486235059,1,125790,125788,1,0,0,DONE,DONE,719,719,5.48,102.995,1,,651,651,
1485efee5ec12049,2026-10-02T09:14:28Z,kaggle-environments 1.32.7,challenger,a52ba1bfe9df9dc1d504550af46744ef8d474797cdba7af2412dc40a3ebdf3b8,ahmedberatozer-v51-lean-flock,c1e3590d02e42d16091c5377e87a3db16496e5a462d558dc2925887f835f9891,1487697149,0,77270,77069,1,0,0,DONE,DONE,719,719,108.578,14.088,1,,652,652,
1485efee5ec12049,2026-10-02T09:14:28Z,kaggle-environments 1.32.7,challenger,a52ba1bfe9df9dc1d504550af46744ef8d474797cdba7af2412dc40a3ebdf3b8,ahmedberatozer-v51-lean-flock,c1e3590d02e42d16091c5377e87a3db16496e5a462d558dc2925887f835f9891,1487697149,1,77270,77069,1,0,0,DONE,DONE,719,719,13.843,13.446,1,,652,652,
1485efee5ec12049,2026-10-02T09:14:28Z,kaggle-environments 1.32.7,challenger,a52ba1bfe9df9dc1d504550af46744ef8d474797cdba7af2412dc40a3ebdf3b8,ahmedberatozer-v51-lean-flock,c1e3590d02e42d16091c5377e87a3db16496e5a462d558dc2925887f835f9891,1491995028,0,142721,142793,0,1,0,DONE,DONE,719,719,11.748,11.612,1,,656,656,
1485efee5ec12049,2026-10-02T09:14:28Z,kaggle-environments 1.32.7,challenger,a52ba1bfe9df9dc1d504550af46744ef8d474797cdba7af2412dc40a3ebdf3b8,ahmedberatozer-v51-lean-flock,c1e3590d02e42d16091c5377e87a3db16496e5a462d558dc2925887f835f9891,1491995028,1,142853,142661,1,0,0,DONE,DONE,719,719,12.003,92.401,1,,656,656,
1485efee5ec12049,2026-10-02T09:14:28Z,kaggle-environments 1.32.7,challenger,a52ba1bfe9df9dc1d504550af46744ef8d474797cdba7af2412dc40a3ebdf3b8,ahmedberatozer-v51-lean-flock,c1e3590d02e42d16091c5377e87a3db16496e5a462d558dc2925887f835f9891,1496122202,0,86628,86628,0,0,1,DONE,DONE,719,719,14.218,14.267,1,,655,655,2026-10-02T12:45:55Z
1485efee5ec12049,2026-10-02T09:14:28Z,kaggle-environments 1.32.7,challenger,a52ba1bfe9df9dc1d504550af46744ef8d474797cdba7af2412dc40a3ebdf3b8,ahmedberatozer-v51-lean-flock,c1e3590d02e42d16091c5377e87a3db16496e5a462d558dc2925887f835f9891,1496122202,1,86628,86628,0,0,1,DONE,DONE,719,719,14.624,93.244,1,,655,655,2026-10-02T12:45:55Z
1485efee5ec12049,2026-10-02T09:14:28Z,kaggle-environments 1.32.7,challenger,a52ba1bfe9df9dc1d504550af46744ef8d474797cdba7af2412dc40a3ebdf3b8,ahmedberatozer-v51-lean-flock,c1e3590d02e42d16091c5377e87a3db16496e5a462d558dc2925887f835f9891,1496905748,0,120976,120922,1,0,0,DONE,DONE,719,719,14.86,14.377,1,,656,656,
1485efee5ec12049,2026-10-02T09:14:28Z,kaggle-environments 1.32.7,challenger,a52ba1bfe9df9dc1d504550af46744ef8d474797cdba7af2412dc40a3ebdf3b8,ahmedberatozer-v51-lean-flock,c1e3590d02e42d16091c5377e87a3db16496e5a462d558dc2925887f835f9891,1496905748,1,120976,120922,1,0,0,DONE,DONE,719,719,14.024,13.685,1,,656,656,
1485efee5ec12049,2026-10-02T09:14:28Z,kaggle-environments 1.32.7,challenger,a52ba1bfe9df9dc1d504550af46744ef8d474797cdba7af2412dc40a3ebdf3b8,ahmedberatozer-v51-lean-flock,c1e3590d02e42d16091c5377e87a3db16496e5a462d558dc2925887f835f9891,1497002581,0,62536,62338,1,0,0,DONE,DONE,719,719,65.855,122.903,1,,649,649,
1485efee5ec12049,2026-10-02T09:14:28Z,kaggle-environments 1.32.7,challenger,a52ba1bfe9df9dc1d504550af46744ef8d474797cdba7af2412dc40a3ebdf3b8,ahmedberatozer-v51-lean-flock,c1e3590d02e42d16091c5377e87a3db16496e5a462d558dc2925887f835f9891,1497002581,1,62536,62338,1,0,0,DONE,DONE,719,719,13.281,81.409,1,,649,649,
1485efee5ec12049,2026-10-02T09:14:28Z,kaggle-environments 1.32.7,challenger,a52ba1bfe9df9dc1d504550af46744ef8d474797cdba7af2412dc40a3ebdf3b8,ahmedberatozer-v51-lean-flock,c1e3590d02e42d16091c5377e87a3db16496e5a462d558dc2925887f835f9891,1497197835,0,106647,106742,0,1,0,DONE,DONE,719,719,46.58,14.022,1,,653,653,
1485efee5ec12049,2026-10-02T09:14:28Z,kaggle-environments 1.32.7,challenger,a52ba1bfe9df9dc1d504550af46744ef8d474797cdba7af2412dc40a3ebdf3b8,ahmedberatozer-v51-lean-flock,c1e3590d02e42d16091c5377e87a3db16496e5a462d558dc2925887f835f9891,1497197835,1,106767,106622,1,0,0,DONE,DONE,719,719,14.688,61.484,1,,653,653,
1485efee5ec12049,2026-10-02T09:14:28Z,kaggle-environments 1.32.7,challenger,a52ba1bfe9df9dc1d504550af46744ef8d474797cdba7af2412dc40a3ebdf3b8,ahmedberatozer-v51-lean-flock,c1e3590d02e42d16091c5377e87a3db16496e5a462d558dc2925887f835f9891,1500394033,0,70179,70179,0,0,1,DONE,DONE,719,719,13.463,117.037,1,,653,653,2026-10-02T12:45:55Z
1485efee5ec12049,2026-10-02T09:14:28Z,kaggle-environments 1.32.7,challenger,a52ba1bfe9df9dc1d504550af46744ef8d474797cdba7af2412dc40a3ebdf3b8,ahmedberatozer-v51-lean-flock,c1e3590d02e42d16091c5377e87a3db16496e5a462d558dc2925887f835f9891,1500394033,1,70179,70179,0,0,1,DONE,DONE,719,719,146.458,90.661,1,,653,653,2026-10-02T12:45:55Z
1485efee5ec12049,2026-10-02T09:14:28Z,kaggle-environments 1.32.7,challenger,a52ba1bfe9df9dc1d504550af46744ef8d474797cdba7af2412dc40a3ebdf3b8,ahmedberatozer-v51-lean-flock,c1e3590d02e42d16091c5377e87a3db16496e5a462d558dc2925887f835f9891,1502608997,0,116565,116570,0,1,0,DONE,DONE,719,719,63.787,9.607,1,,656,656,
1485efee5ec12049,2026-10-02T09:14:28Z,kaggle-environments 1.32.7,challenger,a52ba1bfe9df9dc1d504550af46744ef8d474797cdba7af2412dc40a3ebdf3b8,ahmedberatozer-v51-lean-flock,c1e3590d02e42d16091c5377e87a3db16496e5a462d558dc2925887f835f9891,1502608997,1,116565,116570,0,1,0,DONE,DONE,719,719,13.388,11.005,1,,656,656,
1485efee5ec12049,2026-10-02T09:14:28Z,kaggle-environments 1.32.7,challenger,a52ba1bfe9df9dc1d504550af46744ef8d474797cdba7af2412dc40a3ebdf3b8,ahmedberatozer-v51-lean-flock,c1e3590d02e42d16091c5377e87a3db16496e5a462d558dc2925887f835f9891,1507392138,0,59778,59772,1,0,0,DONE,DONE,719,719,15.31,14.841,1,,651,651,
1485efee5ec12049,2026-10-02T09:14:28Z,kaggle-environments 1.32.7,challenger,a52ba1bfe9df9dc1d504550af46744ef8d474797cdba7af2412dc40a3ebdf3b8,ahmedberatozer-v51-lean-flock,c1e3590d02e42d16091c5377e87a3db16496e5a462d558dc2925887f835f9891,1507392138,1,59778,59772,1,0,0,DONE,DONE,719,719,82.123,34.192,1,,651,651,
1485efee5ec12049,2026-10-02T09:14:28Z,kaggle-environments 1.32.7,challenger,a52ba1bfe9df9dc1d504550af46744ef8d474797cdba7af2412dc40a3ebdf3b8,ahmedberatozer-v51-lean-flock,c1e3590d02e42d16091c5377e87a3db16496e5a462d558dc2925887f835f9891,1508876976,0,83099,82657,1,0,0,DONE,DONE,719,719,89.266,13.826,1,,635,635,
1485efee5ec12049,2026-10-02T09:14:28Z,kaggle-environments 1.32.7,challenger,a52ba1bfe9df9dc1d504550af46744ef8d474797cdba7af2412dc40a3ebdf3b8,ahmedberatozer-v51-lean-flock,c1e3590d02e42d16091c5377e87a3db16496e5a462d558dc2925887f835f9891,1508876976,1,83099,82657,1,0,0,DONE,DONE,719,719,14.63,53.34,1,,635,635,
1485efee5ec12049,2026-10-02T09:14:28Z,kaggle-environments 1.32.7,challenger,a52ba1bfe9df9dc1d504550af46744ef8d474797cdba7af2412dc40a3ebdf3b8,ahmedberatozer-v51-lean-flock,c1e3590d02e42d16091c5377e87a3db16496e5a462d558dc2925887f835f9891,1510397106,0,116006,115876,1,0,0,DONE,DONE,719,719,71.692,89.681,1,,653,653,
1485efee5ec12049,2026-10-02T09:14:28Z,kaggle-environments 1.32.7,challenger,a52ba1bfe9df9dc1d504550af46744ef8d474797cdba7af2412dc40a3ebdf3b8,ahmedberatozer-v51-lean-flock,c1e3590d02e42d16091c5377e87a3db16496e5a462d558dc2925887f835f9891,1510397106,1,115880,116002,0,1,0,DONE,DONE,719,719,14.745,15.966,1,,653,653,
1485efee5ec12049,2026-10-02T09:14:28Z,kaggle-environments 1.32.7,challenger,a52ba1bfe9df9dc1d504550af46744ef8d474797cdba7af2412dc40a3ebdf3b8,ahmedberatozer-v51-lean-flock,c1e3590d02e42d16091c5377e87a3db16496e5a462d558dc2925887f835f9891,1510648998,0,97525,97482,1,0,0,DONE,DONE,719,719,33.365,14.467,1,,658,658,
1485efee5ec12049,2026-10-02T09:14:28Z,kaggle-environments 1.32.7,challenger,a52ba1bfe9df9dc1d504550af46744ef8d474797cdba7af2412dc40a3ebdf3b8,ahmedberatozer-v51-lean-flock,c1e3590d02e42d16091c5377e87a3db16496e5a462d558dc2925887f835f9891,1510648998,1,97525,97482,1,0,0,DONE,DONE,719,719,151.8,91.352,1,,658,658,
1485efee5ec12049,2026-10-02T09:14:28Z,kaggle-environments 1.32.7,challenger,a52ba1bfe9df9dc1d504550af46744ef8d474797cdba7af2412dc40a3ebdf3b8,ahmedberatozer-v51-lean-flock,c1e3590d02e42d16091c5377e87a3db16496e5a462d558dc2925887f835f9891,1513979105,0,64438,64442,0,1,0,DONE,DONE,719,719,56.256,13.583,1,,649,649,
1485efee5ec12049,2026-10-02T09:14:28Z,kaggle-environments 1.32.7,challenger,a52ba1bfe9df9dc1d504550af46744ef8d474797cdba7af2412dc40a3ebdf3b8,ahmedberatozer-v51-lean-flock,c1e3590d02e42d16091c5377e87a3db16496e5a462d558dc2925887f835f9891,1513979105,1,64438,64442,0,1,0,DONE,DONE,719,719,13.822,14.06,1,,649,649,
1485efee5ec12049,2026-10-02T09:14:28Z,kaggle-environments 1.32.7,challenger,a52ba1bfe9df9dc1d504550af46744ef8d474797cdba7af2412dc40a3ebdf3b8,ahmedberatozer-v51-lean-flock,c1e3590d02e42d16091c5377e87a3db16496e5a462d558dc2925887f835f9891,1518822010,0,92476,92478,0,1,0,DONE,DONE,719,719,14.317,13.805,1,,650,650,
1485efee5ec12049,2026-10-02T09:14:28Z,kaggle-environments 1.32.7,challenger,a52ba1bfe9df9dc1d504550af46744ef8d474797cdba7af2412dc40a3ebdf3b8,ahmedberatozer-v51-lean-flock,c1e3590d02e42d16091c5377e87a3db16496e5a462d558dc2925887f835f9891,1518822010,1,92476,92478,0,1,0,DONE,DONE,719,719,14.986,76.977,1,,650,650,
1485efee5ec12049,2026-10-02T09:14:28Z,kaggle-environments 1.32.7,challenger,a52ba1bfe9df9dc1d504550af46744ef8d474797cdba7af2412dc40a3ebdf3b8,ahmedberatozer-v51-lean-flock,c1e3590d02e42d16091c5377e87a3db16496e5a462d558dc2925887f835f9891,1522240202,0,74612,74612,0,0,1,DONE,DONE,719,719,21.659,84.241,1,,655,655,2026-10-02T12:45:55Z
1485efee5ec12049,2026-10-02T09:14:28Z,kaggle-environments 1.32.7,challenger,a52ba1bfe9df9dc1d504550af46744ef8d474797cdba7af2412dc40a3ebdf3b8,ahmedberatozer-v51-lean-flock,c1e3590d02e42d16091c5377e87a3db16496e5a462d558dc2925887f835f9891,1522240202,1,74612,74612,0,0,1,DONE,DONE,719,719,14.401,15.159,1,,655,655,2026-10-02T12:45:55Z
1485efee5ec12049,2026-10-02T09:14:28Z,kaggle-environments 1.32.7,challenger,a52ba1bfe9df9dc1d504550af46744ef8d474797cdba7af2412dc40a3ebdf3b8,ahmedberatozer-v51-lean-flock,c1e3590d02e42d16091c5377e87a3db16496e5a462d558dc2925887f835f9891,1523369127,0,86209,85278,1,0,0,DONE,DONE,719,719,100.527,6.362,1,,639,639,
1485efee5ec12049,2026-10-02T09:14:28Z,kaggle-environments 1.32.7,challenger,a52ba1bfe9df9dc1d504550af46744ef8d474797cdba7af2412dc40a3ebdf3b8,ahmedberatozer-v51-lean-flock,c1e3590d02e42d16091c5377e87a3db16496e5a462d558dc2925887f835f9891,1523369127,1,86209,85278,1,0,0,DONE,DONE,719,719,6.325,55.511,1,,639,639,
1485efee5ec12049,2026-10-02T09:14:28Z,kaggle-environments 1.32.7,challenger,a52ba1bfe9df9dc1d504550af46744ef8d474797cdba7af2412dc40a3ebdf3b8,ahmedberatozer-v51-lean-flock,c1e3590d02e42d16091c5377e87a3db16496e5a462d558dc2925887f835f9891,1525387308,0,103303,103303,0,0,1,DONE,DONE,719,719,13.773,153.98,1,,655,655,2026-10-02T12:45:55Z
1485efee5ec12049,2026-10-02T09:14:28Z,kaggle-environments 1.32.7,challenger,a52ba1bfe9df9dc1d504550af46744ef8d474797cdba7af2412dc40a3ebdf3b8,ahmedberatozer-v51-lean-flock,c1e3590d02e42d16091c5377e87a3db16496e5a462d558dc2925887f835f9891,1525387308,1,103303,103303,0,0,1,DONE,DONE,719,719,14.592,14.405,1,,655,655,2026-10-02T12:45:55Z
1485efee5ec12049,2026-10-02T09:14:28Z,kaggle-environments 1.32.7,challenger,a52ba1bfe9df9dc1d504550af46744ef8d474797cdba7af2412dc40a3ebdf3b8,ahmedberatozer-v51-lean-flock,c1e3590d02e42d16091c5377e87a3db16496e5a462d558dc2925887f835f9891,1526021611,0,104818,104738,1,0,0,DONE,DONE,719,719,86.707,11.47,1,,659,659,
1485efee5ec12049,2026-10-02T09:14:28Z,kaggle-environments 1.32.7,challenger,a52ba1bfe9df9dc1d504550af46744ef8d474797cdba7af2412dc40a3ebdf3b8,ahmedberatozer-v51-lean-flock,c1e3590d02e42d16091c5377e87a3db16496e5a462d558dc2925887f835f9891,1526021611,1,104818,104738,1,0,0,DONE,DONE,719,719,13.148,126.562,1,,659,659,
1485efee5ec12049,2026-10-02T09:14:28Z,kaggle-environments 1.32.7,challenger,a52ba1bfe9df9dc1d504550af46744ef8d474797cdba7af2412dc40a3ebdf3b8,ahmedberatozer-v51-lean-flock,c1e3590d02e42d16091c5377e87a3db16496e5a462d558dc2925887f835f9891,1526667042,0,123412,123416,0,1,0,DONE,DONE,719,719,55.096,14.195,1,,654,654,
1485efee5ec12049,2026-10-02T09:14:28Z,kaggle-environments 1.32.7,challenger,a52ba1bfe9df9dc1d504550af46744ef8d474797cdba7af2412dc40a3ebdf3b8,ahmedberatozer-v51-lean-flock,c1e3590d02e42d16091c5377e87a3db16496e5a462d558dc2925887f835f9891,1526667042,1,123412,123416,0,1,0,DONE,DONE,719,719,13.895,14.027,1,,654,654,
1485efee5ec12049,2026-10-02T09:14:28Z,kaggle-environments 1.32.7,challenger,a52ba1bfe9df9dc1d504550af46744ef8d474797cdba7af2412dc40a3ebdf3b8,ahmedberatozer-v51-lean-flock,c1e3590d02e42d16091c5377e87a3db16496e5a462d558dc2925887f835f9891,1527355832,0,90900,90467,1,0,0,DONE,DONE,719,719,39.219,14.07,1,,638,638,
1485efee5ec12049,2026-10-02T09:14:28Z,kaggle-environments 1.32.7,challenger,a52ba1bfe9df9dc1d504550af46744ef8d474797cdba7af2412dc40a3ebdf3b8,ahmedberatozer-v51-lean-flock,c1e3590d02e42d16091c5377e87a3db16496e5a462d558dc2925887f835f9891,1527355832,1,90900,90467,1,0,0,DONE,DONE,719,719,47.833,13.184,1,,638,638,
1485efee5ec12049,2026-10-02T09:14:28Z,kaggle-environments 1.32.7,challenger,a52ba1bfe9df9dc1d504550af46744ef8d474797cdba7af2412dc40a3ebdf3b8,ahmedberatozer-v51-lean-flock,c1e3590d02e42d16091c5377e87a3db16496e5a462d558dc2925887f835f9891,1527962693,0,103071,103052,1,0,0,DONE,DONE,719,719,76.014,18.089,1,,648,648,
1485efee5ec12049,2026-10-02T09:14:28Z,kaggle-environments 1.32.7,challenger,a52ba1bfe9df9dc1d504550af46744ef8d474797cdba7af2412dc40a3ebdf3b8,ahmedberatozer-v51-lean-flock,c1e3590d02e42d16091c5377e87a3db16496e5a462d558dc2925887f835f9891,1527962693,1,103071,103052,1,0,0,DONE,DONE,719,719,14.487,13.768,1,,648,648,
1485efee5ec12049,2026-10-02T09:14:28Z,kaggle-environments 1.32.7,challenger,a52ba1bfe9df9dc1d504550af46744ef8d474797cdba7af2412dc40a3ebdf3b8,ahmedberatozer-v51-lean-flock,c1e3590d02e42d16091c5377e87a3db16496e5a462d558dc2925887f835f9891,1528579654,0,61518,61531,0,1,0,DONE,DONE,719,719,62.221,14.783,1,,650,650,
1485efee5ec12049,2026-10-02T09:14:28Z,kaggle-environments 1.32.7,challenger,a52ba1bfe9df9dc1d504550af46744ef8d474797cdba7af2412dc40a3ebdf3b8,ahmedberatozer-v51-lean-flock,c1e3590d02e42d16091c5377e87a3db16496e5a462d558dc2925887f835f9891,1528579654,1,61518,61531,0,1,0,DONE,DONE,719,719,16.026,91.924,1,,650,650,
1485efee5ec12049,2026-10-02T09:14:28Z,kaggle-environments 1.32.7,challenger,a52ba1bfe9df9dc1d504550af46744ef8d474797cdba7af2412dc40a3ebdf3b8,ahmedberatozer-v51-lean-flock,c1e3590d02e42d16091c5377e87a3db16496e5a462d558dc2925887f835f9891,1531323391,0,122767,122779,0,1,0,DONE,DONE,719,719,103.315,13.993,1,,657,657,
1485efee5ec12049,2026-10-02T09:14:28Z,kaggle-environments 1.32.7,challenger,a52ba1bfe9df9dc1d504550af46744ef8d474797cdba7af2412dc40a3ebdf3b8,ahmedberatozer-v51-lean-flock,c1e3590d02e42d16091c5377e87a3db16496e5a462d558dc2925887f835f9891,1531323391,1,122767,122779,0,1,0,DONE,DONE,719,719,13.68,14.106,1,,657,657,
1485efee5ec12049,2026-10-02T09:14:28Z,kaggle-environments 1.32.7,challenger,a52ba1bfe9df9dc1d504550af46744ef8d474797cdba7af2412dc40a3ebdf3b8,ahmedberatozer-v51-lean-flock,c1e3590d02e42d16091c5377e87a3db16496e5a462d558dc2925887f835f9891,1532105651,0,63633,63522,1,0,0,DONE,DONE,719,719,14.28,117.605,1,,652,651,
1485efee5ec12049,2026-10-02T09:14:28Z,kaggle-environments 1.32.7,challenger,a52ba1bfe9df9dc1d504550af46744ef8d474797cdba7af2412dc40a3ebdf3b8,ahmedberatozer-v51-lean-flock,c1e3590d02e42d16091c5377e87a3db16496e5a462d558dc2925887f835f9891,1532105651,1,63633,63522,1,0,0,DONE,DONE,719,719,15.696,54.713,1,,651,652,
1485efee5ec12049,2026-10-02T09:14:28Z,kaggle-environments 1.32.7,challenger,a52ba1bfe9df9dc1d504550af46744ef8d474797cdba7af2412dc40a3ebdf3b8,ahmedberatozer-v51-lean-flock,c1e3590d02e42d16091c5377e87a3db16496e5a462d558dc2925887f835f9891,1532466200,0,117230,117217,1,0,0,DONE,DONE,719,719,62.14,5.262,1,,657,657,
1485efee5ec12049,2026-10-02T09:14:28Z,kaggle-environments 1.32.7,challenger,a52ba1bfe9df9dc1d504550af46744ef8d474797cdba7af2412dc40a3ebdf3b8,ahmedberatozer-v51-lean-flock,c1e3590d02e42d16091c5377e87a3db16496e5a462d558dc2925887f835f9891,1532466200,1,117230,117217,1,0,0,DONE,DONE,719,719,4.867,91.543,1,,657,657,
1485efee5ec12049,2026-10-02T09:14:28Z,kaggle-environments 1.32.7,challenger,a52ba1bfe9df9dc1d504550af46744ef8d474797cdba7af2412dc40a3ebdf3b8,ahmedberatozer-v51-lean-flock,c1e3590d02e42d16091c5377e87a3db16496e5a462d558dc2925887f835f9891,1535083658,0,108114,108112,1,0,0,DONE,DONE,719,719,13.765,13.464,1,,654,654,
1485efee5ec12049,2026-10-02T09:14:28Z,kaggle-environments 1.32.7,challenger,a52ba1bfe9df9dc1d504550af46744ef8d474797cdba7af2412dc40a3ebdf3b8,ahmedberatozer-v51-lean-flock,c1e3590d02e42d16091c5377e87a3db16496e5a462d558dc2925887f835f9891,1535083658,1,108114,108112,1,0,0,DONE,DONE,719,719,14.022,64.741,1,,654,654,
1485efee5ec12049,2026-10-02T09:14:28Z,kaggle-environments 1.32.7,challenger,a52ba1bfe9df9dc1d504550af46744ef8d474797cdba7af2412dc40a3ebdf3b8,ahmedberatozer-v51-lean-flock,c1e3590d02e42d16091c5377e87a3db16496e5a462d558dc2925887f835f9891,1541018321,0,71528,71501,1,0,0,DONE,DONE,719,719,112.944,13.624,1,,652,652,
1485efee5ec12049,2026-10-02T09:14:28Z,kaggle-environments 1.32.7,challenger,a52ba1bfe9df9dc1d504550af46744ef8d474797cdba7af2412dc40a3ebdf3b8,ahmedberatozer-v51-lean-flock,c1e3590d02e42d16091c5377e87a3db16496e5a462d558dc2925887f835f9891,1541018321,1,71528,71501,1,0,0,DONE,DONE,719,719,14.451,30.727,1,,652,652,
1485efee5ec12049,2026-10-02T09:14:28Z,kaggle-environments 1.32.7,challenger,a52ba1bfe9df9dc1d504550af46744ef8d474797cdba7af2412dc40a3ebdf3b8,ahmedberatozer-v51-lean-flock,c1e3590d02e42d16091c5377e87a3db16496e5a462d558dc2925887f835f9891,1541558050,0,67441,67442,0,1,0,DONE,DONE,719,719,104.379,15.922,1,,646,646,
1485efee5ec12049,2026-10-02T09:14:28Z,kaggle-environments 1.32.7,challenger,a52ba1bfe9df9dc1d504550af46744ef8d474797cdba7af2412dc40a3ebdf3b8,ahmedberatozer-v51-lean-flock,c1e3590d02e42d16091c5377e87a3db16496e5a462d558dc2925887f835f9891,1541558050,1,67441,67442,0,1,0,DONE,DONE,719,719,22.289,99.198,1,,646,646,
1485efee5ec12049,2026-10-02T09:14:28Z,kaggle-environments 1.32.7,challenger,a52ba1bfe9df9dc1d504550af46744ef8d474797cdba7af2412dc40a3ebdf3b8,ahmedberatozer-v51-lean-flock,c1e3590d02e42d16091c5377e87a3db16496e5a462d558dc2925887f835f9891,1541752811,0,129661,129661,0,0,1,DONE,DONE,719,719,14.744,107.73,1,,657,657,2026-10-02T12:45:55Z
1485efee5ec12049,2026-10-02T09:14:28Z,kaggle-environments 1.32.7,challenger,a52ba1bfe9df9dc1d504550af46744ef8d474797cdba7af2412dc40a3ebdf3b8,ahmedberatozer-v51-lean-flock,c1e3590d02e42d16091c5377e87a3db16496e5a462d558dc2925887f835f9891,1541752811,1,129661,129661,0,0,1,DONE,DONE,719,719,14.313,18.18,1,,657,657,2026-10-02T12:45:55Z
1485efee5ec12049,2026-10-02T09:14:28Z,kaggle-environments 1.32.7,challenger,a52ba1bfe9df9dc1d504550af46744ef8d474797cdba7af2412dc40a3ebdf3b8,ahmedberatozer-v51-lean-flock,c1e3590d02e42d16091c5377e87a3db16496e5a462d558dc2925887f835f9891,1543866758,0,78782,78738,1,0,0,DONE,DONE,719,719,14.895,21.449,1,,649,649,
1485efee5ec12049,2026-10-02T09:14:28Z,kaggle-environments 1.32.7,challenger,a52ba1bfe9df9dc1d504550af46744ef8d474797cdba7af2412dc40a3ebdf3b8,ahmedberatozer-v51-lean-flock,c1e3590d02e42d16091c5377e87a3db16496e5a462d558dc2925887f835f9891,1543866758,1,78782,78738,1,0,0,DONE,DONE,719,719,114.036,14.079,1,,649,649,
1485efee5ec12049,2026-10-02T09:14:28Z,kaggle-environments 1.32.7,challenger,a52ba1bfe9df9dc1d504550af46744ef8d474797cdba7af2412dc40a3ebdf3b8,ahmedberatozer-v51-lean-flock,c1e3590d02e42d16091c5377e87a3db16496e5a462d558dc2925887f835f9891,1544218211,0,84694,84692,1,0,0,DONE,DONE,719,719,73.65,13.84,1,,651,651,
1485efee5ec12049,2026-10-02T09:14:28Z,kaggle-environments 1.32.7,challenger,a52ba1bfe9df9dc1d504550af46744ef8d474797cdba7af2412dc40a3ebdf3b8,ahmedberatozer-v51-lean-flock,c1e3590d02e42d16091c5377e87a3db16496e5a462d558dc2925887f835f9891,1544218211,1,84694,84692,1,0,0,DONE,DONE,719,719,13.734,74.175,1,,651,651,
1485efee5ec12049,2026-10-02T09:14:28Z,kaggle-environments 1.32.7,challenger,a52ba1bfe9df9dc1d504550af46744ef8d474797cdba7af2412dc40a3ebdf3b8,ahmedberatozer-v51-lean-flock,c1e3590d02e42d16091c5377e87a3db16496e5a462d558dc2925887f835f9891,1545306569,0,65713,65698,1,0,0,DONE,DONE,719,719,95.955,70.997,1,,648,648,
1485efee5ec12049,2026-10-02T09:14:28Z,kaggle-environments 1.32.7,challenger,a52ba1bfe9df9dc1d504550af46744ef8d474797cdba7af2412dc40a3ebdf3b8,ahmedberatozer-v51-lean-flock,c1e3590d02e42d16091c5377e87a3db16496e5a462d558dc2925887f835f9891,1545306569,1,65713,65698,1,0,0,DONE,DONE,719,719,14.752,14.566,1,,648,648,
1485efee5ec12049,2026-10-02T09:14:28Z,kaggle-environments 1.32.7,challenger,a52ba1bfe9df9dc1d504550af46744ef8d474797cdba7af2412dc40a3ebdf3b8,ahmedberatozer-v51-lean-flock,c1e3590d02e42d16091c5377e87a3db16496e5a462d558dc2925887f835f9891,1546945990,0,100906,100891,1,0,0,DONE,DONE,719,719,66.524,5.195,1,,651,651,
1485efee5ec12049,2026-10-02T09:14:28Z,kaggle-environments 1.32.7,challenger,a52ba1bfe9df9dc1d504550af46744ef8d474797cdba7af2412dc40a3ebdf3b8,ahmedberatozer-v51-lean-flock,c1e3590d02e42d16091c5377e87a3db16496e5a462d558dc2925887f835f9891,1546945990,1,100906,100891,1,0,0,DONE,DONE,719,719,54.373,32.473,1,,651,651,
1485efee5ec12049,2026-10-02T09:14:28Z,kaggle-environments 1.32.7,challenger,a52ba1bfe9df9dc1d504550af46744ef8d474797cdba7af2412dc40a3ebdf3b8,ahmedberatozer-v51-lean-flock,c1e3590d02e42d16091c5377e87a3db16496e5a462d558dc2925887f835f9891,1547600695,0,92831,92813,1,0,0,DONE,DONE,719,719,14.223,14.445,1,,652,652,
1485efee5ec12049,2026-10-02T09:14:28Z,kaggle-environments 1.32.7,challenger,a52ba1bfe9df9dc1d504550af46744ef8d474797cdba7af2412dc40a3ebdf3b8,ahmedberatozer-v51-lean-flock,c1e3590d02e42d16091c5377e87a3db16496e5a462d558dc2925887f835f9891,1547600695,1,92831,92813,1,0,0,DONE,DONE,719,719,16.6,18.527,1,,652,652,
1485efee5ec12049,2026-10-02T09:14:28Z,kaggle-environments 1.32.7,challenger,a52ba1bfe9df9dc1d504550af46744ef8d474797cdba7af2412dc40a3ebdf3b8,ahmedberatozer-v51-lean-flock,c1e3590d02e42d16091c5377e87a3db16496e5a462d558dc2925887f835f9891,1550050350,0,91753,91753,0,0,1,DONE,DONE,719,719,132.092,12.372,1,,652,652,2026-10-02T12:45:55Z
1485efee5ec12049,2026-10-02T09:14:28Z,kaggle-environments 1.32.7,challenger,a52ba1bfe9df9dc1d504550af46744ef8d474797cdba7af2412dc40a3ebdf3b8,ahmedberatozer-v51-lean-flock,c1e3590d02e42d16091c5377e87a3db16496e5a462d558dc2925887f835f9891,1550050350,1,91753,91753,0,0,1,DONE,DONE,719,719,12.087,48.709,1,,652,652,2026-10-02T12:45:55Z
1485efee5ec12049,2026-10-02T09:14:28Z,kaggle-environments 1.32.7,challenger,a52ba1bfe9df9dc1d504550af46744ef8d474797cdba7af2412dc40a3ebdf3b8,ahmedberatozer-v51-lean-flock,c1e3590d02e42d16091c5377e87a3db16496e5a462d558dc2925887f835f9891,1550474352,0,97647,97631,1,0,0,DONE,DONE,719,719,84.792,14.059,1,,651,651,
1485efee5ec12049,2026-10-02T09:14:28Z,kaggle-environments 1.32.7,challenger,a52ba1bfe9df9dc1d504550af46744ef8d474797cdba7af2412dc40a3ebdf3b8,ahmedberatozer-v51-lean-flock,c1e3590d02e42d16091c5377e87a3db16496e5a462d558dc2925887f835f9891,1550474352,1,97647,97631,1,0,0,DONE,DONE,719,719,135.599,44.261,1,,651,651,
1485efee5ec12049,2026-10-02T09:14:28Z,kaggle-environments 1.32.7,challenger,a52ba1bfe9df9dc1d504550af46744ef8d474797cdba7af2412dc40a3ebdf3b8,ahmedberatozer-v51-lean-flock,c1e3590d02e42d16091c5377e87a3db16496e5a462d558dc2925887f835f9891,1553677118,0,103346,103322,1,0,0,DONE,DONE,719,719,11.005,9.79,1,,650,650,
1485efee5ec12049,2026-10-02T09:14:28Z,kaggle-environments 1.32.7,challenger,a52ba1bfe9df9dc1d504550af46744ef8d474797cdba7af2412dc40a3ebdf3b8,ahmedberatozer-v51-lean-flock,c1e3590d02e42d16091c5377e87a3db16496e5a462d558dc2925887f835f9891,1553677118,1,103346,103322,1,0,0,DONE,DONE,719,719,11.415,104.135,1,,650,650,
1485efee5ec12049,2026-10-02T09:14:28Z,kaggle-environments 1.32.7,challenger,a52ba1bfe9df9dc1d504550af46744ef8d474797cdba7af2412dc40a3ebdf3b8,ahmedberatozer-v51-lean-flock,c1e3590d02e42d16091c5377e87a3db16496e5a462d558dc2925887f835f9891,1557373264,0,73560,73861,0,1,0,DONE,DONE,719,719,117.587,14.118,1,,649,649,
1485efee5ec12049,2026-10-02T09:14:28Z,kaggle-environments 1.32.7,challenger,a52ba1bfe9df9dc1d504550af46744ef8d474797cdba7af2412dc40a3ebdf3b8,ahmedberatozer-v51-lean-flock,c1e3590d02e42d16091c5377e87a3db16496e5a462d558dc2925887f835f9891,1557373264,1,73895,73525,1,0,0,DONE,DONE,719,719,14.886,76.38,1,,649,649,
1485efee5ec12049,2026-10-02T09:14:28Z,kaggle-environments 1.32.7,challenger,a52ba1bfe9df9dc1d504550af46744ef8d474797cdba7af2412dc40a3ebdf3b8,ahmedberatozer-v51-lean-flock,c1e3590d02e42d16091c5377e87a3db16496e5a462d558dc2925887f835f9891,1560283664,0,107225,107210,1,0,0,DONE,DONE,719,719,13.773,13.13,1,,652,652,
1485efee5ec12049,2026-10-02T09:14:28Z,kaggle-environments 1.32.7,challenger,a52ba1bfe9df9dc1d504550af46744ef8d474797cdba7af2412dc40a3ebdf3b8,ahmedberatozer-v51-lean-flock,c1e3590d02e42d16091c5377e87a3db16496e5a462d558dc2925887f835f9891,1560283664,1,107225,107210,1,0,0,DONE,DONE,719,719,13.272,35.925,1,,652,652,
1485efee5ec12049,2026-10-02T09:14:28Z,kaggle-environments 1.32.7,challenger,a52ba1bfe9df9dc1d504550af46744ef8d474797cdba7af2412dc40a3ebdf3b8,ahmedberatozer-v51-lean-flock,c1e3590d02e42d16091c5377e87a3db16496e5a462d558dc2925887f835f9891,1562878244,0,87566,87566,0,0,1,DONE,DONE,719,719,104.712,12.636,1,,653,653,2026-10-02T12:45:55Z
1485efee5ec12049,2026-10-02T09:14:28Z,kaggle-environments 1.32.7,challenger,a52ba1bfe9df9dc1d504550af46744ef8d474797cdba7af2412dc40a3ebdf3b8,ahmedberatozer-v51-lean-flock,c1e3590d02e42d16091c5377e87a3db16496e5a462d558dc2925887f835f9891,1562878244,1,87566,87566,0,0,1,DONE,DONE,719,719,10.484,10.158,1,,653,653,2026-10-02T12:45:55Z
1485efee5ec12049,2026-10-02T09:14:28Z,kaggle-environments 1.32.7,challenger,a52ba1bfe9df9dc1d504550af46744ef8d474797cdba7af2412dc40a3ebdf3b8,ahmedberatozer-v51-lean-flock,c1e3590d02e42d16091c5377e87a3db16496e5a462d558dc2925887f835f9891,1564760745,0,91400,91400,0,0,1,DONE,DONE,719,719,13.917,14.588,1,,657,657,2026-10-02T12:45:55Z
1485efee5ec12049,2026-10-02T09:14:28Z,kaggle-environments 1.32.7,challenger,a52ba1bfe9df9dc1d504550af46744ef8d474797cdba7af2412dc40a3ebdf3b8,ahmedberatozer-v51-lean-flock,c1e3590d02e42d16091c5377e87a3db16496e5a462d558dc2925887f835f9891,1564760745,1,91400,91400,0,0,1,DONE,DONE,719,719,13.861,45.324,1,,657,657,2026-10-02T12:45:55Z
1485efee5ec12049,2026-10-02T09:14:28Z,kaggle-environments 1.32.7,challenger,a52ba1bfe9df9dc1d504550af46744ef8d474797cdba7af2412dc40a3ebdf3b8,ahmedberatozer-v51-lean-flock,c1e3590d02e42d16091c5377e87a3db16496e5a462d558dc2925887f835f9891,1568654086,0,96283,96417,0,1,0,DONE,DONE,719,719,13.472,13.335,1,,650,650,
1485efee5ec12049,2026-10-02T09:14:28Z,kaggle-environments 1.32.7,challenger,a52ba1bfe9df9dc1d504550af46744ef8d474797cdba7af2412dc40a3ebdf3b8,ahmedberatozer-v51-lean-flock,c1e3590d02e42d16091c5377e87a3db16496e5a462d558dc2925887f835f9891,1568654086,1,96283,96417,0,1,0,DONE,DONE,719,719,14.083,111.068,1,,650,650,
1485efee5ec12049,2026-10-02T09:14:28Z,kaggle-environments 1.32.7,challenger,a52ba1bfe9df9dc1d504550af46744ef8d474797cdba7af2412dc40a3ebdf3b8,ahmedberatozer-v51-lean-flock,c1e3590d02e42d16091c5377e87a3db16496e5a462d558dc2925887f835f9891,1568761845,0,104669,104645,1,0,0,DONE,DONE,719,719,120.402,13.497,1,,648,648,
1485efee5ec12049,2026-10-02T09:14:28Z,kaggle-environments 1.32.7,challenger,a52ba1bfe9df9dc1d504550af46744ef8d474797cdba7af2412dc40a3ebdf3b8,ahmedberatozer-v51-lean-flock,c1e3590d02e42d16091c5377e87a3db16496e5a462d558dc2925887f835f9891,1568761845,1,104669,104645,1,0,0,DONE,DONE,719,719,13.765,111.174,1,,648,648,
1485efee5ec12049,2026-10-02T09:14:28Z,kaggle-environments 1.32.7,challenger,a52ba1bfe9df9dc1d504550af46744ef8d474797cdba7af2412dc40a3ebdf3b8,ahmedberatozer-v51-lean-flock,c1e3590d02e42d16091c5377e87a3db16496e5a462d558dc2925887f835f9891,1573663230,0,55452,55404,1,0,0,DONE,DONE,719,719,14.702,14.352,1,,649,649,
1485efee5ec12049,2026-10-02T09:14:28Z,kaggle-environments 1.32.7,challenger,a52ba1bfe9df9dc1d504550af46744ef8d474797cdba7af2412dc40a3ebdf3b8,ahmedberatozer-v51-lean-flock,c1e3590d02e42d16091c5377e87a3db16496e5a462d558dc2925887f835f9891,1573663230,1,55452,55404,1,0,0,DONE,DONE,719,719,14.247,116.169,1,,649,649,
1485efee5ec12049,2026-10-02T09:14:28Z,kaggle-environments 1.32.7,challenger,a52ba1bfe9df9dc1d504550af46744ef8d474797cdba7af2412dc40a3ebdf3b8,ahmedberatozer-v51-lean-flock,c1e3590d02e42d16091c5377e87a3db16496e5a462d558dc2925887f835f9891,1573911855,0,58872,58858,1,0,0,DONE,DONE,719,719,85.524,16.439,1,,649,649,
1485efee5ec12049,2026-10-02T09:14:28Z,kaggle-environments 1.32.7,challenger,a52ba1bfe9df9dc1d504550af46744ef8d474797cdba7af2412dc40a3ebdf3b8,ahmedberatozer-v51-lean-flock,c1e3590d02e42d16091c5377e87a3db16496e5a462d558dc2925887f835f9891,1573911855,1,58872,58858,1,0,0,DONE,DONE,719,719,16.108,13.818,1,,649,649,
1485efee5ec12049,2026-10-02T09:14:28Z,kaggle-environments 1.32.7,challenger,a52ba1bfe9df9dc1d504550af46744ef8d474797cdba7af2412dc40a3ebdf3b8,ahmedberatozer-v51-lean-flock,c1e3590d02e42d16091c5377e87a3db16496e5a462d558dc2925887f835f9891,1577157385,0,101063,101063,0,0,1,DONE,DONE,719,719,4.232,43.535,1,,651,651,2026-10-02T12:45:55Z
1485efee5ec12049,2026-10-02T09:14:28Z,kaggle-environments 1.32.7,challenger,a52ba1bfe9df9dc1d504550af46744ef8d474797cdba7af2412dc40a3ebdf3b8,ahmedberatozer-v51-lean-flock,c1e3590d02e42d16091c5377e87a3db16496e5a462d558dc2925887f835f9891,1577157385,1,101063,101063,0,0,1,DONE,DONE,719,719,4.115,54.998,1,,651,651,2026-10-02T12:45:55Z
1485efee5ec12049,2026-10-02T09:14:28Z,kaggle-environments 1.32.7,challenger,a52ba1bfe9df9dc1d504550af46744ef8d474797cdba7af2412dc40a3ebdf3b8,ahmedberatozer-v51-lean-flock,c1e3590d02e42d16091c5377e87a3db16496e5a462d558dc2925887f835f9891,1577992634,0,134103,134034,1,0,0,DONE,DONE,719,719,41.753,14.346,1,,659,659,
1485efee5ec12049,2026-10-02T09:14:28Z,kaggle-environments 1.32.7,challenger,a52ba1bfe9df9dc1d504550af46744ef8d474797cdba7af2412dc40a3ebdf3b8,ahmedberatozer-v51-lean-flock,c1e3590d02e42d16091c5377e87a3db16496e5a462d558dc2925887f835f9891,1577992634,1,134103,134034,1,0,0,DONE,DONE,719,719,14.135,19.746,1,,659,659,
1485efee5ec12049,2026-10-02T09:14:28Z,kaggle-environments 1.32.7,challenger,a52ba1bfe9df9dc1d504550af46744ef8d474797cdba7af2412dc40a3ebdf3b8,ahmedberatozer-v51-lean-flock,c1e3590d02e42d16091c5377e87a3db16496e5a462d558dc2925887f835f9891,1579207759,0,52292,52276,1,0,0,DONE,DONE,719,719,63.315,15.689,1,,646,646,
1485efee5ec12049,2026-10-02T09:14:28Z,kaggle-environments 1.32.7,challenger,a52ba1bfe9df9dc1d504550af46744ef8d474797cdba7af2412dc40a3ebdf3b8,ahmedberatozer-v51-lean-flock,c1e3590d02e42d16091c5377e87a3db16496e5a462d558dc2925887f835f9891,1579207759,1,52292,52276,1,0,0,DONE,DONE,719,719,15.474,107.219,1,,646,646,
1485efee5ec12049,2026-10-02T09:14:28Z,kaggle-environments 1.32.7,challenger,a52ba1bfe9df9dc1d504550af46744ef8d474797cdba7af2412dc40a3ebdf3b8,ahmedberatozer-v51-lean-flock,c1e3590d02e42d16091c5377e87a3db16496e5a462d558dc2925887f835f9891,1579911563,0,121094,121083,1,0,0,DONE,DONE,719,719,12.194,117.36,1,,653,653,
1485efee5ec12049,2026-10-02T09:14:28Z,kaggle-environments 1.32.7,challenger,a52ba1bfe9df9dc1d504550af46744ef8d474797cdba7af2412dc40a3ebdf3b8,ahmedberatozer-v51-lean-flock,c1e3590d02e42d16091c5377e87a3db16496e5a462d558dc2925887f835f9891,1579911563,1,121094,121083,1,0,0,DONE,DONE,719,719,10.426,50.77,1,,653,653,
