experiment_id,run_id,environment_version,candidate_sha,candidate_name,opponent_sha,opponent_name,seed,seat,candidate_cash,opponent_cash,win,loss,tie,candidate_status,opponent_status,candidate_calls,opponent_calls,candidate_actions,opponent_actions,candidate_runtime_max,opponent_runtime_max,valid,invalid_reason,wall_s
search_B,3f85cec76cdc2a10,kaggle-environments 1.32.7,2e17adcbc6e6abae311cc86bba283268146a658d8345b0ac84c382fcb65570ae,06d80bc4d9e0,bfee70e9daaebeae0737a880f1df8f1c60d0783c59af620136cc0d28ef482bc7,farm,1589371,0,86217,86577,0,1,0,DONE,DONE,719,719,653,653,79.663,37.063,1,,7.58
search_B,3f85cec76cdc2a10,kaggle-environments 1.32.7,2e17adcbc6e6abae311cc86bba283268146a658d8345b0ac84c382fcb65570ae,06d80bc4d9e0,bfee70e9daaebeae0737a880f1df8f1c60d0783c59af620136cc0d28ef482bc7,farm,1589371,1,86217,86577,0,1,0,DONE,DONE,719,719,653,653,133.443,74.453,1,,7.79
search_B,3f85cec76cdc2a10,kaggle-environments 1.32.7,2e17adcbc6e6abae311cc86bba283268146a658d8345b0ac84c382fcb65570ae,06d80bc4d9e0,bfee70e9daaebeae0737a880f1df8f1c60d0783c59af620136cc0d28ef482bc7,farm,2527947,0,92903,99315,0,1,0,DONE,DONE,719,719,665,641,139.782,59.056,1,,7.72
search_B,3f85cec76cdc2a10,kaggle-environments 1.32.7,2e17adcbc6e6abae311cc86bba283268146a658d8345b0ac84c382fcb65570ae,06d80bc4d9e0,bfee70e9daaebeae0737a880f1df8f1c60d0783c59af620136cc0d28ef482bc7,farm,2527947,1,110118,118052,0,1,0,DONE,DONE,719,719,665,641,13.922,97.184,1,,7.14
search_B,3f85cec76cdc2a10,kaggle-environments 1.32.7,2e17adcbc6e6abae311cc86bba283268146a658d8345b0ac84c382fcb65570ae,06d80bc4d9e0,bfee70e9daaebeae0737a880f1df8f1c60d0783c59af620136cc0d28ef482bc7,farm,2530515,0,92752,92754,0,1,0,DONE,DONE,719,719,650,650,26.934,26.666,1,,7.72
search_B,3f85cec76cdc2a10,kaggle-environments 1.32.7,2e17adcbc6e6abae311cc86bba283268146a658d8345b0ac84c382fcb65570ae,06d80bc4d9e0,bfee70e9daaebeae0737a880f1df8f1c60d0783c59af620136cc0d28ef482bc7,farm,2530515,1,92752,92754,0,1,0,DONE,DONE,719,719,650,650,5.586,42.877,1,,5.27
search_B,3f85cec76cdc2a10,kaggle-environments 1.32.7,2e17adcbc6e6abae311cc86bba283268146a658d8345b0ac84c382fcb65570ae,06d80bc4d9e0,bfee70e9daaebeae0737a880f1df8f1c60d0783c59af620136cc0d28ef482bc7,farm,2684125,0,117582,117329,1,0,0,DONE,DONE,719,719,655,655,72.468,24.646,1,,5.54
search_B,3f85cec76cdc2a10,kaggle-environments 1.32.7,2e17adcbc6e6abae311cc86bba283268146a658d8345b0ac84c382fcb65570ae,06d80bc4d9e0,bfee70e9daaebeae0737a880f1df8f1c60d0783c59af620136cc0d28ef482bc7,farm,2684125,1,117582,117329,1,0,0,DONE,DONE,719,719,655,655,67.68,69.177,1,,7.63
search_B,3f85cec76cdc2a10,kaggle-environments 1.32.7,2e17adcbc6e6abae311cc86bba283268146a658d8345b0ac84c382fcb65570ae,06d80bc4d9e0,bfee70e9daaebeae0737a880f1df8f1c60d0783c59af620136cc0d28ef482bc7,farm,2704029,0,94104,94908,0,1,0,DONE,DONE,719,719,659,659,58.167,38.023,1,,4.74
search_B,3f85cec76cdc2a10,kaggle-environments 1.32.7,2e17adcbc6e6abae311cc86bba283268146a658d8345b0ac84c382fcb65570ae,06d80bc4d9e0,bfee70e9daaebeae0737a880f1df8f1c60d0783c59af620136cc0d28ef482bc7,farm,2704029,1,94104,94908,0,1,0,DONE,DONE,719,719,659,659,43.644,39.995,1,,4.85
search_B,3f85cec76cdc2a10,kaggle-environments 1.32.7,2e17adcbc6e6abae311cc86bba283268146a658d8345b0ac84c382fcb65570ae,06d80bc4d9e0,bfee70e9daaebeae0737a880f1df8f1c60d0783c59af620136cc0d28ef482bc7,farm,3468142,0,97960,97053,1,0,0,DONE,DONE,719,719,657,658,21.407,133.526,1,,7.67
search_B,3f85cec76cdc2a10,kaggle-environments 1.32.7,2e17adcbc6e6abae311cc86bba283268146a658d8345b0ac84c382fcb65570ae,06d80bc4d9e0,bfee70e9daaebeae0737a880f1df8f1c60d0783c59af620136cc0d28ef482bc7,farm,3468142,1,97260,97218,1,0,0,DONE,DONE,719,719,657,657,20.499,153.302,1,,7.16
search_B,3f85cec76cdc2a10,kaggle-environments 1.32.7,2e17adcbc6e6abae311cc86bba283268146a658d8345b0ac84c382fcb65570ae,06d80bc4d9e0,bfee70e9daaebeae0737a880f1df8f1c60d0783c59af620136cc0d28ef482bc7,farm,5521358,0,77676,77619,1,0,0,DONE,DONE,719,719,634,634,10.541,36.491,1,,7.3
search_B,3f85cec76cdc2a10,kaggle-environments 1.32.7,2e17adcbc6e6abae311cc86bba283268146a658d8345b0ac84c382fcb65570ae,06d80bc4d9e0,bfee70e9daaebeae0737a880f1df8f1c60d0783c59af620136cc0d28ef482bc7,farm,5521358,1,77676,77619,1,0,0,DONE,DONE,719,719,634,634,6.34,119.521,1,,5.2
search_B,3f85cec76cdc2a10,kaggle-environments 1.32.7,2e17adcbc6e6abae311cc86bba283268146a658d8345b0ac84c382fcb65570ae,06d80bc4d9e0,bfee70e9daaebeae0737a880f1df8f1c60d0783c59af620136cc0d28ef482bc7,farm,7923960,0,113253,113785,0,1,0,DONE,DONE,719,719,656,656,8.103,39.478,1,,7.22
search_B,3f85cec76cdc2a10,kaggle-environments 1.32.7,2e17adcbc6e6abae311cc86bba283268146a658d8345b0ac84c382fcb65570ae,06d80bc4d9e0,bfee70e9daaebeae0737a880f1df8f1c60d0783c59af620136cc0d28ef482bc7,farm,7923960,1,113253,113785,0,1,0,DONE,DONE,719,719,656,656,74.558,37.383,1,,6.35
search_B,3f85cec76cdc2a10,kaggle-environments 1.32.7,2e17adcbc6e6abae311cc86bba283268146a658d8345b0ac84c382fcb65570ae,06d80bc4d9e0,bfee70e9daaebeae0737a880f1df8f1c60d0783c59af620136cc0d28ef482bc7,farm,9421863,0,115091,114954,1,0,0,DONE,DONE,719,719,657,657,195.534,47.918,1,,7.76
search_B,3f85cec76cdc2a10,kaggle-environments 1.32.7,2e17adcbc6e6abae311cc86bba283268146a658d8345b0ac84c382fcb65570ae,06d80bc4d9e0,bfee70e9daaebeae0737a880f1df8f1c60d0783c59af620136cc0d28ef482bc7,farm,9421863,1,115091,114954,1,0,0,DONE,DONE,719,719,657,657,11.436,168.162,1,,7.81
search_B,3f85cec76cdc2a10,kaggle-environments 1.32.7,2e17adcbc6e6abae311cc86bba283268146a658d8345b0ac84c382fcb65570ae,06d80bc4d9e0,bfee70e9daaebeae0737a880f1df8f1c60d0783c59af620136cc0d28ef482bc7,farm,11791344,0,86925,84981,1,0,0,DONE,DONE,719,719,650,639,5.459,44.599,1,,5.26
search_B,3f85cec76cdc2a10,kaggle-environments 1.32.7,2e17adcbc6e6abae311cc86bba283268146a658d8345b0ac84c382fcb65570ae,06d80bc4d9e0,bfee70e9daaebeae0737a880f1df8f1c60d0783c59af620136cc0d28ef482bc7,farm,11791344,1,86925,84981,1,0,0,DONE,DONE,719,719,650,639,10.417,48.778,1,,8.35
search_B,3f85cec76cdc2a10,kaggle-environments 1.32.7,2e17adcbc6e6abae311cc86bba283268146a658d8345b0ac84c382fcb65570ae,06d80bc4d9e0,bfee70e9daaebeae0737a880f1df8f1c60d0783c59af620136cc0d28ef482bc7,farm,11837966,0,76981,74591,1,0,0,DONE,DONE,719,719,657,657,11.966,46.389,1,,7.89
search_B,3f85cec76cdc2a10,kaggle-environments 1.32.7,2e17adcbc6e6abae311cc86bba283268146a658d8345b0ac84c382fcb65570ae,06d80bc4d9e0,bfee70e9daaebeae0737a880f1df8f1c60d0783c59af620136cc0d28ef482bc7,farm,11837966,1,76981,74591,1,0,0,DONE,DONE,719,719,657,657,136.434,44.117,1,,7.75
search_B,3f85cec76cdc2a10,kaggle-environments 1.32.7,2e17adcbc6e6abae311cc86bba283268146a658d8345b0ac84c382fcb65570ae,06d80bc4d9e0,bfee70e9daaebeae0737a880f1df8f1c60d0783c59af620136cc0d28ef482bc7,farm,11961457,0,100076,100646,0,1,0,DONE,DONE,719,719,648,648,182.816,43.328,1,,8.31
search_B,3f85cec76cdc2a10,kaggle-environments 1.32.7,2e17adcbc6e6abae311cc86bba283268146a658d8345b0ac84c382fcb65570ae,06d80bc4d9e0,bfee70e9daaebeae0737a880f1df8f1c60d0783c59af620136cc0d28ef482bc7,farm,11961457,1,126078,124396,1,0,0,DONE,DONE,719,719,653,653,70.539,103.961,1,,6.0
search_B,3f85cec76cdc2a10,kaggle-environments 1.32.7,2e17adcbc6e6abae311cc86bba283268146a658d8345b0ac84c382fcb65570ae,06d80bc4d9e0,bfee70e9daaebeae0737a880f1df8f1c60d0783c59af620136cc0d28ef482bc7,farm,15332070,0,88026,87615,1,0,0,DONE,DONE,719,719,653,653,79.211,44.659,1,,7.56
search_B,3f85cec76cdc2a10,kaggle-environments 1.32.7,2e17adcbc6e6abae311cc86bba283268146a658d8345b0ac84c382fcb65570ae,06d80bc4d9e0,bfee70e9daaebeae0737a880f1df8f1c60d0783c59af620136cc0d28ef482bc7,farm,15332070,1,88026,87615,1,0,0,DONE,DONE,719,719,653,653,125.818,46.1,1,,6.84
search_B,3f85cec76cdc2a10,kaggle-environments 1.32.7,2e17adcbc6e6abae311cc86bba283268146a658d8345b0ac84c382fcb65570ae,06d80bc4d9e0,bfee70e9daaebeae0737a880f1df8f1c60d0783c59af620136cc0d28ef482bc7,farm,20365933,0,65918,62516,1,0,0,DONE,DONE,719,719,653,653,63.707,46.098,1,,5.45
search_B,3f85cec76cdc2a10,kaggle-environments 1.32.7,2e17adcbc6e6abae311cc86bba283268146a658d8345b0ac84c382fcb65570ae,06d80bc4d9e0,bfee70e9daaebeae0737a880f1df8f1c60d0783c59af620136cc0d28ef482bc7,farm,20365933,1,65918,62516,1,0,0,DONE,DONE,719,719,653,653,116.585,46.844,1,,6.28
search_B,3f85cec76cdc2a10,kaggle-environments 1.32.7,2e17adcbc6e6abae311cc86bba283268146a658d8345b0ac84c382fcb65570ae,06d80bc4d9e0,bfee70e9daaebeae0737a880f1df8f1c60d0783c59af620136cc0d28ef482bc7,farm,20666293,0,72449,71201,1,0,0,DONE,DONE,719,719,648,648,98.014,48.074,1,,5.39
search_B,3f85cec76cdc2a10,kaggle-environments 1.32.7,2e17adcbc6e6abae311cc86bba283268146a658d8345b0ac84c382fcb65570ae,06d80bc4d9e0,bfee70e9daaebeae0737a880f1df8f1c60d0783c59af620136cc0d28ef482bc7,farm,20666293,1,72449,71201,1,0,0,DONE,DONE,719,719,648,648,3.609,47.25,1,,5.28
search_B,3f85cec76cdc2a10,kaggle-environments 1.32.7,2e17adcbc6e6abae311cc86bba283268146a658d8345b0ac84c382fcb65570ae,06d80bc4d9e0,bfee70e9daaebeae0737a880f1df8f1c60d0783c59af620136cc0d28ef482bc7,farm,20772491,0,140047,139419,1,0,0,DONE,DONE,719,719,656,656,94.112,48.42,1,,5.54
search_B,3f85cec76cdc2a10,kaggle-environments 1.32.7,2e17adcbc6e6abae311cc86bba283268146a658d8345b0ac84c382fcb65570ae,06d80bc4d9e0,bfee70e9daaebeae0737a880f1df8f1c60d0783c59af620136cc0d28ef482bc7,farm,20772491,1,140047,139419,1,0,0,DONE,DONE,719,719,656,656,62.452,86.3,1,,5.3
