experiment_id,timestamp,parent_version,candidate_version,hypothesis,change,opponent,seed,seat,candidate_cash,opponent_cash,win,loss,tie,runtime_ms,error,decision,notes
E001,2026-09-30T20:30:00Z,base,v1-draft,"starter's carrot loop can be beaten with a real portfolio","portfolio: wheat scale + melon tranches, hand ladder, land buys",starter,1001,both,756,3448,0,1,0,1740,none,NO_GO,"silent no-op: bare-string unit actions meant every move was discarded; board never planted"
E002,2026-09-30T20:45:00Z,v1-draft,v1-fixed-moves,"movement must be a list to be executed","wrap all unit actions in lists; add schema sanitizer",starter,1001,both,0,0,0,0,1,1140,none,NO_GO,"fixed movement, exposed livelock: every free tile resolved to MELON after its window closed"
E003,2026-09-30T20:55:00Z,v1-fixed-moves,v1-crop-pref,"crop preference must fall through, not skip the tile","_crop_pref returns an ordered list; first plantable wins",starter,1001,both,536,0,0,0,0,1200,none,NO_GO,"board fills correctly now; still only 1 of 100 tiles planted at day 18"
E004,2026-09-30T21:05:00Z,v1-crop-pref,v1-handler,"hand ladder is exponential and bankrupts a small farm","hand target scales with land (tiles/5); spend capped at 30% of bank",starter,1001-1004,both,3060,3366,2,6,0,1900,none,NO_GO,"cash-flow positive but loses; land spend ($3k) outran harvest throughput"
E005,2026-09-30T21:20:00Z,v1-handler,v1-harvest-window,"cutting crops at first_yield_day throws away the yield curve","harvest one-time crops at max_yield_day or full yield, not first yield",starter,1001,both,3948,3599,1,0,0,1500,none,PROMOTE,"+32% cash from same land and hands"
E006,2026-09-30T21:35:00Z,v1-harvest-window,v1-bulk-seeds,"seed purchases were throttled below harvest throughput","buy seeds in bulk (one full planting round per turn)",starter,1001-1006,both,4672,3529,12,0,0,2110,none,PROMOTE,"win rate 0/8 -> 12/12 on dev; 567 wheat units reached market vs 141"
E007,2026-09-30T21:50:00Z,v1-bulk-seeds,v1-goose-attempt,"goese add compounding daily income","add goose build/buy/feed/place pipeline",starter,1001-1006,both,852,3666,0,12,0,990,none,NO_GO,"reverted immediately; coop placement starved the crop board and shed overflowed"
E008,2026-09-30T22:00:00Z,v1-bulk-seeds,v1-fib-cap,"allowing the cheap fib tail raises hand count","always allow up to $320/day of hand spend",starter,1001-1006,both,3885,3475,7,5,0,1960,none,NO_GO,"cash fell; over-hiring costs more than the extra harvest earns"
E009,2026-09-30T22:10:00Z,v1-bulk-seeds,v1-hold-cash,"stock at the $1 floor still counts as cash","sell everything already priced at the floor",starter,9001-9005,both,4757,3617,9,1,0,2030,none,PROMOTE,"holdout 90%; never hold unsellable inventory"
E010,2026-09-30T21:05:00Z,v1-hold-cash,v1-market-slots,"HIRE orders could crowd out SELL orders in the 10-order queue","reserve 4 market slots for liquidation before hiring",league,dev+holdout,both,7170,300,40,0,0,2100,none,PROMOTE,"no shed overflow; league 20-0 dev and 20-0 holdout"
E011,2026-09-30T21:12:00Z,v1-market-slots,v1-melon-quota,"melon quota land/2 was 50% of the farm and starved the wheat treadmill","melon quota = land//5 (~6% of tiles)",starter,holdout,both,7520,3546,8,0,0,2000,none,PROMOTE,"holdout mean cash 4757 -> 7520; league dev 20-0 holdout 20-0; stranded value 0"
E012,2026-09-30T21:15Z,sunrise-v5,-,sunrise is competitive against public meta,paired head-to-head vs barnyard_v7,barnyard_v7,58001-58006,both,0,12,0,0.0,KILL,31x cash gap; sunrise abandoned as parent per hard rule
E013,2026-09-30T21:25Z,barnyard_v7,-,published score implies barnyard is strongest,meta tournament 6 public agents,all,meta_holdout,both,0,16,0,0.0,REJECT,farm_2945 wins 22-0 combined; published scores inverted by env change
E014,2026-09-30T21:40Z,barnyard_v7,challenger_001_barnyard_hinge,hinge scarcity mispricing causes barnyard loss,patch 3 below_func values log/linear to hinge,farm_2945,58001-58005,both,0,10,0,0.0,NO_GO,price model NECESSARY but NOT SUFFICIENT; still 0-10
E015,2026-09-30T21:55Z,farm_2945,multi_route_v43,a newer agent may exceed the recovery champion,head-to-head vs exact V43 digest-verified artifact,multi_route_v43,meta_dev+holdout,both,29,3,0,0.906,PROMOTE_CHAMPION,farm_2945 19-1 dev / 10-2 holdout; champion confirmed
E015,2026-09-30T21:55Z,farm_2945,multi_route_v43,a newer agent may exceed the recovery champion,head-to-head vs digest-verified V43,multi_route_v43,meta_final,both,16,0,0,0.0,PROMOTE_CHAMPION,INVALID FIRST RUN: league file was a duplicate of the champion itself; caught via 16 exact ties; restored real artifact sha 919fc1d6 and re-ran 16-0
E016,2026-09-30T22:20Z,farm_2945,-,champion holds up on never-tuned seeds,five-opponent sweep on meta_final pool,all five,meta_final,both,80,0,0,1.0,CONFIRM_CHAMPION,80-0 with 8-8 seat splits; Wilson lower bound 0.95
