run_id,timestamp,environment_version,candidate_name,candidate_sha,opponent_name,opponent_sha,seed,seat,candidate_cash,opponent_cash,win,loss,tie,candidate_status,opponent_status,candidate_calls,opponent_calls,candidate_runtime_max,opponent_runtime_max,valid,invalid_reason,candidate_actions,opponent_actions
15644c6cda22cf00,2026-10-02T07:29:51Z,kaggle-environments 1.32.7,v51,c1e3590d02e42d16091c5377e87a3db16496e5a462d558dc2925887f835f9891,v16_rc5,f029fa0cb66a9eb509afbe44e3f59b800332d0419db91607183410e4089c4d19,2704029,0,140831,112497,1,0,0,DONE,DONE,719,719,34.63,0.219,1,,643,658
15644c6cda22cf00,2026-10-02T07:29:51Z,kaggle-environments 1.32.7,v51,c1e3590d02e42d16091c5377e87a3db16496e5a462d558dc2925887f835f9891,v16_rc5,f029fa0cb66a9eb509afbe44e3f59b800332d0419db91607183410e4089c4d19,2704029,1,140831,112497,1,0,0,DONE,DONE,719,719,14.233,17.625,1,,643,658
15644c6cda22cf00,2026-10-02T07:29:51Z,kaggle-environments 1.32.7,v51,c1e3590d02e42d16091c5377e87a3db16496e5a462d558dc2925887f835f9891,v16_rc5,f029fa0cb66a9eb509afbe44e3f59b800332d0419db91607183410e4089c4d19,9421863,0,115991,70158,1,0,0,DONE,DONE,719,719,47.62,0.279,1,,651,658
15644c6cda22cf00,2026-10-02T07:29:51Z,kaggle-environments 1.32.7,v51,c1e3590d02e42d16091c5377e87a3db16496e5a462d558dc2925887f835f9891,v16_rc5,f029fa0cb66a9eb509afbe44e3f59b800332d0419db91607183410e4089c4d19,9421863,1,116914,71236,1,0,0,DONE,DONE,719,719,16.585,0.189,1,,651,658
15644c6cda22cf00,2026-10-02T07:29:51Z,kaggle-environments 1.32.7,v51,c1e3590d02e42d16091c5377e87a3db16496e5a462d558dc2925887f835f9891,v16_rc5,f029fa0cb66a9eb509afbe44e3f59b800332d0419db91607183410e4089c4d19,15332070,0,140067,118536,1,0,0,DONE,DONE,719,719,93.43,0.404,1,,656,658
15644c6cda22cf00,2026-10-02T07:29:51Z,kaggle-environments 1.32.7,v51,c1e3590d02e42d16091c5377e87a3db16496e5a462d558dc2925887f835f9891,v16_rc5,f029fa0cb66a9eb509afbe44e3f59b800332d0419db91607183410e4089c4d19,15332070,1,140067,118536,1,0,0,DONE,DONE,719,719,38.077,0.21,1,,656,658
15644c6cda22cf00,2026-10-02T07:29:51Z,kaggle-environments 1.32.7,v51,c1e3590d02e42d16091c5377e87a3db16496e5a462d558dc2925887f835f9891,v16_rc5,f029fa0cb66a9eb509afbe44e3f59b800332d0419db91607183410e4089c4d19,22791941,0,137060,102787,1,0,0,DONE,DONE,719,719,85.824,0.529,1,,655,658
15644c6cda22cf00,2026-10-02T07:29:51Z,kaggle-environments 1.32.7,v51,c1e3590d02e42d16091c5377e87a3db16496e5a462d558dc2925887f835f9891,v16_rc5,f029fa0cb66a9eb509afbe44e3f59b800332d0419db91607183410e4089c4d19,22791941,1,137060,102787,1,0,0,DONE,DONE,719,719,13.761,4.093,1,,655,658
15644c6cda22cf00,2026-10-02T07:29:51Z,kaggle-environments 1.32.7,v51,c1e3590d02e42d16091c5377e87a3db16496e5a462d558dc2925887f835f9891,v16_rc5,f029fa0cb66a9eb509afbe44e3f59b800332d0419db91607183410e4089c4d19,28510988,0,130586,96032,1,0,0,DONE,DONE,719,719,23.514,0.462,1,,656,658
15644c6cda22cf00,2026-10-02T07:29:51Z,kaggle-environments 1.32.7,v51,c1e3590d02e42d16091c5377e87a3db16496e5a462d558dc2925887f835f9891,v16_rc5,f029fa0cb66a9eb509afbe44e3f59b800332d0419db91607183410e4089c4d19,28510988,1,131487,95303,1,0,0,DONE,DONE,719,719,21.571,71.233,1,,656,658
15644c6cda22cf00,2026-10-02T07:29:51Z,kaggle-environments 1.32.7,v51,c1e3590d02e42d16091c5377e87a3db16496e5a462d558dc2925887f835f9891,v16_rc5,f029fa0cb66a9eb509afbe44e3f59b800332d0419db91607183410e4089c4d19,33394953,0,115302,82412,1,0,0,DONE,DONE,719,719,14.122,2.17,1,,650,658
15644c6cda22cf00,2026-10-02T07:29:51Z,kaggle-environments 1.32.7,v51,c1e3590d02e42d16091c5377e87a3db16496e5a462d558dc2925887f835f9891,v16_rc5,f029fa0cb66a9eb509afbe44e3f59b800332d0419db91607183410e4089c4d19,33394953,1,115302,82412,1,0,0,DONE,DONE,719,719,142.323,100.946,1,,650,658
15644c6cda22cf00,2026-10-02T07:29:51Z,kaggle-environments 1.32.7,v51,c1e3590d02e42d16091c5377e87a3db16496e5a462d558dc2925887f835f9891,v16_rc5,f029fa0cb66a9eb509afbe44e3f59b800332d0419db91607183410e4089c4d19,44085303,0,82133,49528,1,0,0,DONE,DONE,719,719,84.289,3.859,1,,658,658
15644c6cda22cf00,2026-10-02T07:29:51Z,kaggle-environments 1.32.7,v51,c1e3590d02e42d16091c5377e87a3db16496e5a462d558dc2925887f835f9891,v16_rc5,f029fa0cb66a9eb509afbe44e3f59b800332d0419db91607183410e4089c4d19,44085303,1,82133,49528,1,0,0,DONE,DONE,719,719,30.241,4.785,1,,658,658
15644c6cda22cf00,2026-10-02T07:29:51Z,kaggle-environments 1.32.7,v51,c1e3590d02e42d16091c5377e87a3db16496e5a462d558dc2925887f835f9891,v16_rc5,f029fa0cb66a9eb509afbe44e3f59b800332d0419db91607183410e4089c4d19,51213129,0,150799,131460,1,0,0,DONE,DONE,719,719,84.821,3.285,1,,655,658
15644c6cda22cf00,2026-10-02T07:29:51Z,kaggle-environments 1.32.7,v51,c1e3590d02e42d16091c5377e87a3db16496e5a462d558dc2925887f835f9891,v16_rc5,f029fa0cb66a9eb509afbe44e3f59b800332d0419db91607183410e4089c4d19,51213129,1,150799,131460,1,0,0,DONE,DONE,719,719,14.214,31.121,1,,655,658
15644c6cda22cf00,2026-10-02T07:29:51Z,kaggle-environments 1.32.7,v51,c1e3590d02e42d16091c5377e87a3db16496e5a462d558dc2925887f835f9891,v16_rc5,f029fa0cb66a9eb509afbe44e3f59b800332d0419db91607183410e4089c4d19,58108362,0,122638,79777,1,0,0,DONE,DONE,719,719,102.782,3.218,1,,654,658
15644c6cda22cf00,2026-10-02T07:29:51Z,kaggle-environments 1.32.7,v51,c1e3590d02e42d16091c5377e87a3db16496e5a462d558dc2925887f835f9891,v16_rc5,f029fa0cb66a9eb509afbe44e3f59b800332d0419db91607183410e4089c4d19,58108362,1,122638,79777,1,0,0,DONE,DONE,719,719,42.264,31.326,1,,654,658
15644c6cda22cf00,2026-10-02T07:29:51Z,kaggle-environments 1.32.7,v51,c1e3590d02e42d16091c5377e87a3db16496e5a462d558dc2925887f835f9891,v16_rc5,f029fa0cb66a9eb509afbe44e3f59b800332d0419db91607183410e4089c4d19,71346262,0,129379,75774,1,0,0,DONE,DONE,719,719,107.168,5.493,1,,654,658
15644c6cda22cf00,2026-10-02T07:29:51Z,kaggle-environments 1.32.7,v51,c1e3590d02e42d16091c5377e87a3db16496e5a462d558dc2925887f835f9891,v16_rc5,f029fa0cb66a9eb509afbe44e3f59b800332d0419db91607183410e4089c4d19,71346262,1,116218,73610,1,0,0,DONE,DONE,719,719,14.419,107.807,1,,654,658
15644c6cda22cf00,2026-10-02T07:29:51Z,kaggle-environments 1.32.7,v51,c1e3590d02e42d16091c5377e87a3db16496e5a462d558dc2925887f835f9891,v16_rc5,f029fa0cb66a9eb509afbe44e3f59b800332d0419db91607183410e4089c4d19,80843786,0,105094,71398,1,0,0,DONE,DONE,719,719,172.2,5.442,1,,649,658
15644c6cda22cf00,2026-10-02T07:29:51Z,kaggle-environments 1.32.7,v51,c1e3590d02e42d16091c5377e87a3db16496e5a462d558dc2925887f835f9891,v16_rc5,f029fa0cb66a9eb509afbe44e3f59b800332d0419db91607183410e4089c4d19,80843786,1,89140,62651,1,0,0,DONE,DONE,719,719,54.602,3.897,1,,652,658
15644c6cda22cf00,2026-10-02T07:29:51Z,kaggle-environments 1.32.7,v51,c1e3590d02e42d16091c5377e87a3db16496e5a462d558dc2925887f835f9891,v16_rc5,f029fa0cb66a9eb509afbe44e3f59b800332d0419db91607183410e4089c4d19,96364528,0,114689,92213,1,0,0,DONE,DONE,719,719,270.165,4.379,1,,655,658
15644c6cda22cf00,2026-10-02T07:29:51Z,kaggle-environments 1.32.7,v51,c1e3590d02e42d16091c5377e87a3db16496e5a462d558dc2925887f835f9891,v16_rc5,f029fa0cb66a9eb509afbe44e3f59b800332d0419db91607183410e4089c4d19,96364528,1,113863,92692,1,0,0,DONE,DONE,719,719,14.003,3.544,1,,655,658
15644c6cda22cf00,2026-10-02T07:29:51Z,kaggle-environments 1.32.7,v51,c1e3590d02e42d16091c5377e87a3db16496e5a462d558dc2925887f835f9891,v16_rc5,f029fa0cb66a9eb509afbe44e3f59b800332d0419db91607183410e4089c4d19,105290679,0,104822,35931,1,0,0,DONE,DONE,719,719,144.942,4.087,1,,655,658
15644c6cda22cf00,2026-10-02T07:29:51Z,kaggle-environments 1.32.7,v51,c1e3590d02e42d16091c5377e87a3db16496e5a462d558dc2925887f835f9891,v16_rc5,f029fa0cb66a9eb509afbe44e3f59b800332d0419db91607183410e4089c4d19,105290679,1,104822,35931,1,0,0,DONE,DONE,719,719,50.439,3.761,1,,655,658
15644c6cda22cf00,2026-10-02T07:29:51Z,kaggle-environments 1.32.7,v51,c1e3590d02e42d16091c5377e87a3db16496e5a462d558dc2925887f835f9891,v16_rc5,f029fa0cb66a9eb509afbe44e3f59b800332d0419db91607183410e4089c4d19,110571895,0,74411,43865,1,0,0,DONE,DONE,719,719,168.85,4.076,1,,650,658
15644c6cda22cf00,2026-10-02T07:29:51Z,kaggle-environments 1.32.7,v51,c1e3590d02e42d16091c5377e87a3db16496e5a462d558dc2925887f835f9891,v16_rc5,f029fa0cb66a9eb509afbe44e3f59b800332d0419db91607183410e4089c4d19,110571895,1,74411,43865,1,0,0,DONE,DONE,719,719,94.485,3.547,1,,650,658
15644c6cda22cf00,2026-10-02T07:29:51Z,kaggle-environments 1.32.7,v51,c1e3590d02e42d16091c5377e87a3db16496e5a462d558dc2925887f835f9891,v16_rc5,f029fa0cb66a9eb509afbe44e3f59b800332d0419db91607183410e4089c4d19,112953244,0,134516,94571,1,0,0,DONE,DONE,719,719,114.518,3.784,1,,641,658
15644c6cda22cf00,2026-10-02T07:29:51Z,kaggle-environments 1.32.7,v51,c1e3590d02e42d16091c5377e87a3db16496e5a462d558dc2925887f835f9891,v16_rc5,f029fa0cb66a9eb509afbe44e3f59b800332d0419db91607183410e4089c4d19,112953244,1,134516,94571,1,0,0,DONE,DONE,719,719,54.827,106.665,1,,641,658
15644c6cda22cf00,2026-10-02T07:29:51Z,kaggle-environments 1.32.7,v51,c1e3590d02e42d16091c5377e87a3db16496e5a462d558dc2925887f835f9891,v16_rc5,f029fa0cb66a9eb509afbe44e3f59b800332d0419db91607183410e4089c4d19,119787912,0,78657,47870,1,0,0,DONE,DONE,719,719,62.763,2.817,1,,650,658
15644c6cda22cf00,2026-10-02T07:29:51Z,kaggle-environments 1.32.7,v51,c1e3590d02e42d16091c5377e87a3db16496e5a462d558dc2925887f835f9891,v16_rc5,f029fa0cb66a9eb509afbe44e3f59b800332d0419db91607183410e4089c4d19,119787912,1,78657,47870,1,0,0,DONE,DONE,719,719,80.085,5.095,1,,650,658
15644c6cda22cf00,2026-10-02T07:29:51Z,kaggle-environments 1.32.7,v51,c1e3590d02e42d16091c5377e87a3db16496e5a462d558dc2925887f835f9891,v16_rc5,f029fa0cb66a9eb509afbe44e3f59b800332d0419db91607183410e4089c4d19,130304827,0,162145,121329,1,0,0,DONE,DONE,719,719,57.607,4.88,1,,659,658
15644c6cda22cf00,2026-10-02T07:29:51Z,kaggle-environments 1.32.7,v51,c1e3590d02e42d16091c5377e87a3db16496e5a462d558dc2925887f835f9891,v16_rc5,f029fa0cb66a9eb509afbe44e3f59b800332d0419db91607183410e4089c4d19,130304827,1,150812,131434,1,0,0,DONE,DONE,719,719,159.402,4.407,1,,655,658
15644c6cda22cf00,2026-10-02T07:29:51Z,kaggle-environments 1.32.7,v51,c1e3590d02e42d16091c5377e87a3db16496e5a462d558dc2925887f835f9891,v16_rc5,f029fa0cb66a9eb509afbe44e3f59b800332d0419db91607183410e4089c4d19,140246070,0,119474,82489,1,0,0,DONE,DONE,719,719,104.943,5.253,1,,655,658
15644c6cda22cf00,2026-10-02T07:29:51Z,kaggle-environments 1.32.7,v51,c1e3590d02e42d16091c5377e87a3db16496e5a462d558dc2925887f835f9891,v16_rc5,f029fa0cb66a9eb509afbe44e3f59b800332d0419db91607183410e4089c4d19,140246070,1,69781,41250,1,0,0,DONE,DONE,719,719,13.697,60.517,1,,653,658
15644c6cda22cf00,2026-10-02T07:29:51Z,kaggle-environments 1.32.7,v51,c1e3590d02e42d16091c5377e87a3db16496e5a462d558dc2925887f835f9891,v16_rc5,f029fa0cb66a9eb509afbe44e3f59b800332d0419db91607183410e4089c4d19,156571513,0,100155,80313,1,0,0,DONE,DONE,719,719,136.236,3.781,1,,652,658
15644c6cda22cf00,2026-10-02T07:29:51Z,kaggle-environments 1.32.7,v51,c1e3590d02e42d16091c5377e87a3db16496e5a462d558dc2925887f835f9891,v16_rc5,f029fa0cb66a9eb509afbe44e3f59b800332d0419db91607183410e4089c4d19,156571513,1,100155,80313,1,0,0,DONE,DONE,719,719,57.706,3.652,1,,652,658
15644c6cda22cf00,2026-10-02T07:29:51Z,kaggle-environments 1.32.7,v51,c1e3590d02e42d16091c5377e87a3db16496e5a462d558dc2925887f835f9891,v16_rc5,f029fa0cb66a9eb509afbe44e3f59b800332d0419db91607183410e4089c4d19,164001958,0,157651,115418,1,0,0,DONE,DONE,719,719,262.219,3.116,1,,656,658
15644c6cda22cf00,2026-10-02T07:29:51Z,kaggle-environments 1.32.7,v51,c1e3590d02e42d16091c5377e87a3db16496e5a462d558dc2925887f835f9891,v16_rc5,f029fa0cb66a9eb509afbe44e3f59b800332d0419db91607183410e4089c4d19,164001958,1,157651,115418,1,0,0,DONE,DONE,719,719,184.358,3.91,1,,656,658
15644c6cda22cf00,2026-10-02T07:29:51Z,kaggle-environments 1.32.7,v51,c1e3590d02e42d16091c5377e87a3db16496e5a462d558dc2925887f835f9891,v16_rc5,f029fa0cb66a9eb509afbe44e3f59b800332d0419db91607183410e4089c4d19,174255558,0,159617,107699,1,0,0,DONE,DONE,719,719,114.752,4.141,1,,641,658
15644c6cda22cf00,2026-10-02T07:29:51Z,kaggle-environments 1.32.7,v51,c1e3590d02e42d16091c5377e87a3db16496e5a462d558dc2925887f835f9891,v16_rc5,f029fa0cb66a9eb509afbe44e3f59b800332d0419db91607183410e4089c4d19,174255558,1,159617,107699,1,0,0,DONE,DONE,719,719,6.853,51.289,1,,641,658
15644c6cda22cf00,2026-10-02T07:29:51Z,kaggle-environments 1.32.7,v51,c1e3590d02e42d16091c5377e87a3db16496e5a462d558dc2925887f835f9891,v16_rc5,f029fa0cb66a9eb509afbe44e3f59b800332d0419db91607183410e4089c4d19,179227834,0,150192,129234,1,0,0,DONE,DONE,719,719,62.166,5.228,1,,657,658
15644c6cda22cf00,2026-10-02T07:29:51Z,kaggle-environments 1.32.7,v51,c1e3590d02e42d16091c5377e87a3db16496e5a462d558dc2925887f835f9891,v16_rc5,f029fa0cb66a9eb509afbe44e3f59b800332d0419db91607183410e4089c4d19,179227834,1,150192,129234,1,0,0,DONE,DONE,719,719,54.451,2.762,1,,657,658
15644c6cda22cf00,2026-10-02T07:29:51Z,kaggle-environments 1.32.7,v51,c1e3590d02e42d16091c5377e87a3db16496e5a462d558dc2925887f835f9891,v16_rc5,f029fa0cb66a9eb509afbe44e3f59b800332d0419db91607183410e4089c4d19,198262943,0,110160,73093,1,0,0,DONE,DONE,719,719,78.373,3.887,1,,639,658
15644c6cda22cf00,2026-10-02T07:29:51Z,kaggle-environments 1.32.7,v51,c1e3590d02e42d16091c5377e87a3db16496e5a462d558dc2925887f835f9891,v16_rc5,f029fa0cb66a9eb509afbe44e3f59b800332d0419db91607183410e4089c4d19,198262943,1,110160,73093,1,0,0,DONE,DONE,719,719,60.83,4.186,1,,639,658
15644c6cda22cf00,2026-10-02T07:29:51Z,kaggle-environments 1.32.7,v51,c1e3590d02e42d16091c5377e87a3db16496e5a462d558dc2925887f835f9891,v16_rc5,f029fa0cb66a9eb509afbe44e3f59b800332d0419db91607183410e4089c4d19,207746303,0,93659,49379,1,0,0,DONE,DONE,719,719,53.834,6.347,1,,655,658
15644c6cda22cf00,2026-10-02T07:29:51Z,kaggle-environments 1.32.7,v51,c1e3590d02e42d16091c5377e87a3db16496e5a462d558dc2925887f835f9891,v16_rc5,f029fa0cb66a9eb509afbe44e3f59b800332d0419db91607183410e4089c4d19,207746303,1,93659,49379,1,0,0,DONE,DONE,719,719,32.414,106.064,1,,655,658
15644c6cda22cf00,2026-10-02T07:29:51Z,kaggle-environments 1.32.7,v51,c1e3590d02e42d16091c5377e87a3db16496e5a462d558dc2925887f835f9891,v16_rc5,f029fa0cb66a9eb509afbe44e3f59b800332d0419db91607183410e4089c4d19,211179053,0,90990,61893,1,0,0,DONE,DONE,719,719,90.083,3.173,1,,650,658
15644c6cda22cf00,2026-10-02T07:29:51Z,kaggle-environments 1.32.7,v51,c1e3590d02e42d16091c5377e87a3db16496e5a462d558dc2925887f835f9891,v16_rc5,f029fa0cb66a9eb509afbe44e3f59b800332d0419db91607183410e4089c4d19,211179053,1,102759,79430,1,0,0,DONE,DONE,719,719,22.18,1.984,1,,650,658
15644c6cda22cf00,2026-10-02T07:29:51Z,kaggle-environments 1.32.7,v51,c1e3590d02e42d16091c5377e87a3db16496e5a462d558dc2925887f835f9891,v16_rc5,f029fa0cb66a9eb509afbe44e3f59b800332d0419db91607183410e4089c4d19,215483609,0,95218,65453,1,0,0,DONE,DONE,719,719,26.62,4.089,1,,658,658
15644c6cda22cf00,2026-10-02T07:29:51Z,kaggle-environments 1.32.7,v51,c1e3590d02e42d16091c5377e87a3db16496e5a462d558dc2925887f835f9891,v16_rc5,f029fa0cb66a9eb509afbe44e3f59b800332d0419db91607183410e4089c4d19,215483609,1,97660,63190,1,0,0,DONE,DONE,719,719,84.924,58.801,1,,653,658
15644c6cda22cf00,2026-10-02T07:29:51Z,kaggle-environments 1.32.7,v51,c1e3590d02e42d16091c5377e87a3db16496e5a462d558dc2925887f835f9891,v16_rc5,f029fa0cb66a9eb509afbe44e3f59b800332d0419db91607183410e4089c4d19,224179274,0,115949,100927,1,0,0,DONE,DONE,719,719,14.566,2.058,1,,650,658
15644c6cda22cf00,2026-10-02T07:29:51Z,kaggle-environments 1.32.7,v51,c1e3590d02e42d16091c5377e87a3db16496e5a462d558dc2925887f835f9891,v16_rc5,f029fa0cb66a9eb509afbe44e3f59b800332d0419db91607183410e4089c4d19,224179274,1,115949,100927,1,0,0,DONE,DONE,719,719,207.631,4.033,1,,650,658
15644c6cda22cf00,2026-10-02T07:29:51Z,kaggle-environments 1.32.7,v51,c1e3590d02e42d16091c5377e87a3db16496e5a462d558dc2925887f835f9891,v16_rc5,f029fa0cb66a9eb509afbe44e3f59b800332d0419db91607183410e4089c4d19,237977933,0,120909,99737,1,0,0,DONE,DONE,719,719,87.626,2.239,1,,656,658
15644c6cda22cf00,2026-10-02T07:29:51Z,kaggle-environments 1.32.7,v51,c1e3590d02e42d16091c5377e87a3db16496e5a462d558dc2925887f835f9891,v16_rc5,f029fa0cb66a9eb509afbe44e3f59b800332d0419db91607183410e4089c4d19,237977933,1,120909,99737,1,0,0,DONE,DONE,719,719,49.58,3.264,1,,656,658
15644c6cda22cf00,2026-10-02T07:29:51Z,kaggle-environments 1.32.7,v51,c1e3590d02e42d16091c5377e87a3db16496e5a462d558dc2925887f835f9891,v16_rc5,f029fa0cb66a9eb509afbe44e3f59b800332d0419db91607183410e4089c4d19,244579335,0,92071,55193,1,0,0,DONE,DONE,719,719,125.978,2.61,1,,650,658
15644c6cda22cf00,2026-10-02T07:29:51Z,kaggle-environments 1.32.7,v51,c1e3590d02e42d16091c5377e87a3db16496e5a462d558dc2925887f835f9891,v16_rc5,f029fa0cb66a9eb509afbe44e3f59b800332d0419db91607183410e4089c4d19,244579335,1,82754,44785,1,0,0,DONE,DONE,719,719,55.011,3.649,1,,650,658
15644c6cda22cf00,2026-10-02T07:29:51Z,kaggle-environments 1.32.7,v51,c1e3590d02e42d16091c5377e87a3db16496e5a462d558dc2925887f835f9891,v16_rc5,f029fa0cb66a9eb509afbe44e3f59b800332d0419db91607183410e4089c4d19,252426730,0,123328,90810,1,0,0,DONE,DONE,719,719,191.894,6.302,1,,659,658
15644c6cda22cf00,2026-10-02T07:29:51Z,kaggle-environments 1.32.7,v51,c1e3590d02e42d16091c5377e87a3db16496e5a462d558dc2925887f835f9891,v16_rc5,f029fa0cb66a9eb509afbe44e3f59b800332d0419db91607183410e4089c4d19,252426730,1,123328,90810,1,0,0,DONE,DONE,719,719,144.423,6.986,1,,659,658
15644c6cda22cf00,2026-10-02T07:29:51Z,kaggle-environments 1.32.7,v51,c1e3590d02e42d16091c5377e87a3db16496e5a462d558dc2925887f835f9891,v16_rc5,f029fa0cb66a9eb509afbe44e3f59b800332d0419db91607183410e4089c4d19,262383157,0,137006,119748,1,0,0,DONE,DONE,719,719,14.005,3.411,1,,657,658
15644c6cda22cf00,2026-10-02T07:29:51Z,kaggle-environments 1.32.7,v51,c1e3590d02e42d16091c5377e87a3db16496e5a462d558dc2925887f835f9891,v16_rc5,f029fa0cb66a9eb509afbe44e3f59b800332d0419db91607183410e4089c4d19,262383157,1,137006,119748,1,0,0,DONE,DONE,719,719,266.108,4.488,1,,657,658
15644c6cda22cf00,2026-10-02T07:29:51Z,kaggle-environments 1.32.7,v51,c1e3590d02e42d16091c5377e87a3db16496e5a462d558dc2925887f835f9891,v16_rc5,f029fa0cb66a9eb509afbe44e3f59b800332d0419db91607183410e4089c4d19,268416285,0,121801,94832,1,0,0,DONE,DONE,719,719,110.096,3.056,1,,655,658
15644c6cda22cf00,2026-10-02T07:29:51Z,kaggle-environments 1.32.7,v51,c1e3590d02e42d16091c5377e87a3db16496e5a462d558dc2925887f835f9891,v16_rc5,f029fa0cb66a9eb509afbe44e3f59b800332d0419db91607183410e4089c4d19,268416285,1,121801,94832,1,0,0,DONE,DONE,719,719,102.582,4.112,1,,655,658
15644c6cda22cf00,2026-10-02T07:29:51Z,kaggle-environments 1.32.7,v51,c1e3590d02e42d16091c5377e87a3db16496e5a462d558dc2925887f835f9891,v16_rc5,f029fa0cb66a9eb509afbe44e3f59b800332d0419db91607183410e4089c4d19,276129185,0,114647,93075,1,0,0,DONE,DONE,719,719,90.485,1.99,1,,657,658
15644c6cda22cf00,2026-10-02T07:29:51Z,kaggle-environments 1.32.7,v51,c1e3590d02e42d16091c5377e87a3db16496e5a462d558dc2925887f835f9891,v16_rc5,f029fa0cb66a9eb509afbe44e3f59b800332d0419db91607183410e4089c4d19,276129185,1,114647,93075,1,0,0,DONE,DONE,719,719,49.032,3.862,1,,657,658
15644c6cda22cf00,2026-10-02T07:29:51Z,kaggle-environments 1.32.7,v51,c1e3590d02e42d16091c5377e87a3db16496e5a462d558dc2925887f835f9891,v16_rc5,f029fa0cb66a9eb509afbe44e3f59b800332d0419db91607183410e4089c4d19,290144135,0,128664,110042,1,0,0,DONE,DONE,719,719,13.77,4.907,1,,655,658
15644c6cda22cf00,2026-10-02T07:29:51Z,kaggle-environments 1.32.7,v51,c1e3590d02e42d16091c5377e87a3db16496e5a462d558dc2925887f835f9891,v16_rc5,f029fa0cb66a9eb509afbe44e3f59b800332d0419db91607183410e4089c4d19,290144135,1,128664,110042,1,0,0,DONE,DONE,719,719,186.986,73.713,1,,655,658
15644c6cda22cf00,2026-10-02T07:29:51Z,kaggle-environments 1.32.7,v51,c1e3590d02e42d16091c5377e87a3db16496e5a462d558dc2925887f835f9891,v16_rc5,f029fa0cb66a9eb509afbe44e3f59b800332d0419db91607183410e4089c4d19,298942269,0,100415,60955,1,0,0,DONE,DONE,719,719,100.245,3.308,1,,654,658
15644c6cda22cf00,2026-10-02T07:29:51Z,kaggle-environments 1.32.7,v51,c1e3590d02e42d16091c5377e87a3db16496e5a462d558dc2925887f835f9891,v16_rc5,f029fa0cb66a9eb509afbe44e3f59b800332d0419db91607183410e4089c4d19,298942269,1,100415,60955,1,0,0,DONE,DONE,719,719,123.374,3.372,1,,654,658
15644c6cda22cf00,2026-10-02T07:29:51Z,kaggle-environments 1.32.7,v51,c1e3590d02e42d16091c5377e87a3db16496e5a462d558dc2925887f835f9891,v16_rc5,f029fa0cb66a9eb509afbe44e3f59b800332d0419db91607183410e4089c4d19,311994045,0,142695,116679,1,0,0,DONE,DONE,719,719,75.133,3.774,1,,659,658
15644c6cda22cf00,2026-10-02T07:29:51Z,kaggle-environments 1.32.7,v51,c1e3590d02e42d16091c5377e87a3db16496e5a462d558dc2925887f835f9891,v16_rc5,f029fa0cb66a9eb509afbe44e3f59b800332d0419db91607183410e4089c4d19,311994045,1,142695,116679,1,0,0,DONE,DONE,719,719,144.746,5.719,1,,659,658
15644c6cda22cf00,2026-10-02T07:29:51Z,kaggle-environments 1.32.7,v51,c1e3590d02e42d16091c5377e87a3db16496e5a462d558dc2925887f835f9891,v16_rc5,f029fa0cb66a9eb509afbe44e3f59b800332d0419db91607183410e4089c4d19,315410585,0,119293,80079,1,0,0,DONE,DONE,719,719,50.025,0.326,1,,659,658
15644c6cda22cf00,2026-10-02T07:29:51Z,kaggle-environments 1.32.7,v51,c1e3590d02e42d16091c5377e87a3db16496e5a462d558dc2925887f835f9891,v16_rc5,f029fa0cb66a9eb509afbe44e3f59b800332d0419db91607183410e4089c4d19,315410585,1,128725,120233,1,0,0,DONE,DONE,719,719,242.331,70.093,1,,654,658
15644c6cda22cf00,2026-10-02T07:29:51Z,kaggle-environments 1.32.7,v51,c1e3590d02e42d16091c5377e87a3db16496e5a462d558dc2925887f835f9891,v16_rc5,f029fa0cb66a9eb509afbe44e3f59b800332d0419db91607183410e4089c4d19,321492174,0,120515,101966,1,0,0,DONE,DONE,719,719,30.552,4.993,1,,653,658
15644c6cda22cf00,2026-10-02T07:29:51Z,kaggle-environments 1.32.7,v51,c1e3590d02e42d16091c5377e87a3db16496e5a462d558dc2925887f835f9891,v16_rc5,f029fa0cb66a9eb509afbe44e3f59b800332d0419db91607183410e4089c4d19,321492174,1,120515,101966,1,0,0,DONE,DONE,719,719,84.726,4.193,1,,653,658
15644c6cda22cf00,2026-10-02T07:29:51Z,kaggle-environments 1.32.7,v51,c1e3590d02e42d16091c5377e87a3db16496e5a462d558dc2925887f835f9891,v16_rc5,f029fa0cb66a9eb509afbe44e3f59b800332d0419db91607183410e4089c4d19,326817610,0,115917,88972,1,0,0,DONE,DONE,719,719,14.19,2.904,1,,655,658
15644c6cda22cf00,2026-10-02T07:29:51Z,kaggle-environments 1.32.7,v51,c1e3590d02e42d16091c5377e87a3db16496e5a462d558dc2925887f835f9891,v16_rc5,f029fa0cb66a9eb509afbe44e3f59b800332d0419db91607183410e4089c4d19,326817610,1,115917,88972,1,0,0,DONE,DONE,719,719,87.589,55.675,1,,655,658
15644c6cda22cf00,2026-10-02T07:29:51Z,kaggle-environments 1.32.7,v51,c1e3590d02e42d16091c5377e87a3db16496e5a462d558dc2925887f835f9891,v16_rc5,f029fa0cb66a9eb509afbe44e3f59b800332d0419db91607183410e4089c4d19,333410233,0,145481,121581,1,0,0,DONE,DONE,719,719,215.74,3.626,1,,659,658
15644c6cda22cf00,2026-10-02T07:29:51Z,kaggle-environments 1.32.7,v51,c1e3590d02e42d16091c5377e87a3db16496e5a462d558dc2925887f835f9891,v16_rc5,f029fa0cb66a9eb509afbe44e3f59b800332d0419db91607183410e4089c4d19,333410233,1,146107,121569,1,0,0,DONE,DONE,719,719,60.38,49.295,1,,659,658
15644c6cda22cf00,2026-10-02T07:29:51Z,kaggle-environments 1.32.7,v51,c1e3590d02e42d16091c5377e87a3db16496e5a462d558dc2925887f835f9891,v16_rc5,f029fa0cb66a9eb509afbe44e3f59b800332d0419db91607183410e4089c4d19,347753166,0,82128,53141,1,0,0,DONE,DONE,719,719,104.492,3.554,1,,655,658
15644c6cda22cf00,2026-10-02T07:29:51Z,kaggle-environments 1.32.7,v51,c1e3590d02e42d16091c5377e87a3db16496e5a462d558dc2925887f835f9891,v16_rc5,f029fa0cb66a9eb509afbe44e3f59b800332d0419db91607183410e4089c4d19,347753166,1,82128,53141,1,0,0,DONE,DONE,719,719,82.633,3.897,1,,655,658
15644c6cda22cf00,2026-10-02T07:29:51Z,kaggle-environments 1.32.7,v51,c1e3590d02e42d16091c5377e87a3db16496e5a462d558dc2925887f835f9891,v16_rc5,f029fa0cb66a9eb509afbe44e3f59b800332d0419db91607183410e4089c4d19,354922960,0,117619,87353,1,0,0,DONE,DONE,719,719,97.941,3.651,1,,655,658
15644c6cda22cf00,2026-10-02T07:29:51Z,kaggle-environments 1.32.7,v51,c1e3590d02e42d16091c5377e87a3db16496e5a462d558dc2925887f835f9891,v16_rc5,f029fa0cb66a9eb509afbe44e3f59b800332d0419db91607183410e4089c4d19,354922960,1,117619,87353,1,0,0,DONE,DONE,719,719,68.538,53.683,1,,655,658
15644c6cda22cf00,2026-10-02T07:29:51Z,kaggle-environments 1.32.7,v51,c1e3590d02e42d16091c5377e87a3db16496e5a462d558dc2925887f835f9891,v16_rc5,f029fa0cb66a9eb509afbe44e3f59b800332d0419db91607183410e4089c4d19,362578649,0,78824,36868,1,0,0,DONE,DONE,719,719,104.015,2.074,1,,653,658
15644c6cda22cf00,2026-10-02T07:29:51Z,kaggle-environments 1.32.7,v51,c1e3590d02e42d16091c5377e87a3db16496e5a462d558dc2925887f835f9891,v16_rc5,f029fa0cb66a9eb509afbe44e3f59b800332d0419db91607183410e4089c4d19,362578649,1,78824,36868,1,0,0,DONE,DONE,719,719,14.339,154.699,1,,653,658
15644c6cda22cf00,2026-10-02T07:29:51Z,kaggle-environments 1.32.7,v51,c1e3590d02e42d16091c5377e87a3db16496e5a462d558dc2925887f835f9891,v16_rc5,f029fa0cb66a9eb509afbe44e3f59b800332d0419db91607183410e4089c4d19,374542663,0,102127,55691,1,0,0,DONE,DONE,719,719,13.185,4.386,1,,650,658
15644c6cda22cf00,2026-10-02T07:29:51Z,kaggle-environments 1.32.7,v51,c1e3590d02e42d16091c5377e87a3db16496e5a462d558dc2925887f835f9891,v16_rc5,f029fa0cb66a9eb509afbe44e3f59b800332d0419db91607183410e4089c4d19,374542663,1,102127,55691,1,0,0,DONE,DONE,719,719,176.229,98.55,1,,650,658
15644c6cda22cf00,2026-10-02T07:29:51Z,kaggle-environments 1.32.7,v51,c1e3590d02e42d16091c5377e87a3db16496e5a462d558dc2925887f835f9891,v16_rc5,f029fa0cb66a9eb509afbe44e3f59b800332d0419db91607183410e4089c4d19,383202827,0,140359,110114,1,0,0,DONE,DONE,719,719,156.613,4.703,1,,641,658
15644c6cda22cf00,2026-10-02T07:29:51Z,kaggle-environments 1.32.7,v51,c1e3590d02e42d16091c5377e87a3db16496e5a462d558dc2925887f835f9891,v16_rc5,f029fa0cb66a9eb509afbe44e3f59b800332d0419db91607183410e4089c4d19,383202827,1,140359,110114,1,0,0,DONE,DONE,719,719,121.902,90.522,1,,641,658
15644c6cda22cf00,2026-10-02T07:29:51Z,kaggle-environments 1.32.7,v51,c1e3590d02e42d16091c5377e87a3db16496e5a462d558dc2925887f835f9891,v16_rc5,f029fa0cb66a9eb509afbe44e3f59b800332d0419db91607183410e4089c4d19,385467461,0,106202,83637,1,0,0,DONE,DONE,719,719,14.092,4.103,1,,658,658
15644c6cda22cf00,2026-10-02T07:29:51Z,kaggle-environments 1.32.7,v51,c1e3590d02e42d16091c5377e87a3db16496e5a462d558dc2925887f835f9891,v16_rc5,f029fa0cb66a9eb509afbe44e3f59b800332d0419db91607183410e4089c4d19,385467461,1,106202,83637,1,0,0,DONE,DONE,719,719,45.179,38.558,1,,658,658
15644c6cda22cf00,2026-10-02T07:29:51Z,kaggle-environments 1.32.7,v51,c1e3590d02e42d16091c5377e87a3db16496e5a462d558dc2925887f835f9891,v16_rc5,f029fa0cb66a9eb509afbe44e3f59b800332d0419db91607183410e4089c4d19,398187590,0,140126,118825,1,0,0,DONE,DONE,719,719,53.265,2.893,1,,655,658
15644c6cda22cf00,2026-10-02T07:29:51Z,kaggle-environments 1.32.7,v51,c1e3590d02e42d16091c5377e87a3db16496e5a462d558dc2925887f835f9891,v16_rc5,f029fa0cb66a9eb509afbe44e3f59b800332d0419db91607183410e4089c4d19,398187590,1,140126,118825,1,0,0,DONE,DONE,719,719,102.521,46.274,1,,655,658
15644c6cda22cf00,2026-10-02T07:29:51Z,kaggle-environments 1.32.7,v51,c1e3590d02e42d16091c5377e87a3db16496e5a462d558dc2925887f835f9891,v16_rc5,f029fa0cb66a9eb509afbe44e3f59b800332d0419db91607183410e4089c4d19,401975774,0,128506,102227,1,0,0,DONE,DONE,719,719,13.615,2.663,1,,655,658
15644c6cda22cf00,2026-10-02T07:29:51Z,kaggle-environments 1.32.7,v51,c1e3590d02e42d16091c5377e87a3db16496e5a462d558dc2925887f835f9891,v16_rc5,f029fa0cb66a9eb509afbe44e3f59b800332d0419db91607183410e4089c4d19,401975774,1,128506,102227,1,0,0,DONE,DONE,719,719,13.457,40.279,1,,655,658
15644c6cda22cf00,2026-10-02T07:29:51Z,kaggle-environments 1.32.7,v51,c1e3590d02e42d16091c5377e87a3db16496e5a462d558dc2925887f835f9891,v16_rc5,f029fa0cb66a9eb509afbe44e3f59b800332d0419db91607183410e4089c4d19,409482909,0,119145,101165,1,0,0,DONE,DONE,719,719,147.25,3.127,1,,655,658
15644c6cda22cf00,2026-10-02T07:29:51Z,kaggle-environments 1.32.7,v51,c1e3590d02e42d16091c5377e87a3db16496e5a462d558dc2925887f835f9891,v16_rc5,f029fa0cb66a9eb509afbe44e3f59b800332d0419db91607183410e4089c4d19,409482909,1,117812,96729,1,0,0,DONE,DONE,719,719,13.612,46.255,1,,652,658
